customerid,0
8a1edbf14734127f0147356fdb1b1eb2,1.0
8a28afc7474813a40147639ec637156b,0.0
8a2ac4745091002b0150a144bcbe58b7,0.0
8a3735d5518aba7301518ac34413010d,1.0
8a390a2150ad97330150aebdd8ef7456,0.0
8a399f284741b63b0147496a04db1eb4,1.0
8a5cfa8345d40fb80145dc328532397a,1.0
8a688b474ed5e088014ed8b6c50c5f51,1.0
8a76e7d443e6e97c0143ed099d102b1d,1.0
8a818823525dceef01525deda2480384,1.0
8a818926522ea5ef01523aff15c37482,1.0
8a8189f9526ad7de015280bef19d5811,1.0
8a85880353acff880153b3c9f0d641b0,0.0
8a85880353acff880153b4d9bf104630,1.0
8a85880353acff880153b92f8599568b,0.0
8a85880353acff880153b9993fe358d9,1.0
8a85880353acff880153bd56e93f75ff,1.0
8a85881053bc33670153bda8562417c7,0.0
8a85881053bc33670153c0ff6d6a38b9,0.0
8a85881053bc33670153c79e8e84571a,0.0
8a85881053bc33670153c7a0e6ee582e,1.0
8a8588175489ef7701548cd088f2207b,0.0
8a85881a5420ebf101543716beee1039,0.0
8a8588235375c27f015376d27f982c9e,0.0
8a8588235375c27f01537f6d1ad53cff,0.0
8a8588235375c27f01537fd31b1f53cd,1.0
8a8588235384a58d01538b5b8d49372c,1.0
8a8588235384a58d01539f23b1071fd9,1.0
8a8588235384a58d0153a1e7fa6a5089,0.0
8a8588235384a58d0153a80649f43890,0.0
8a85882653bc51f50153c1b4a0127f64,1.0
8a85882653bc51f50153c7a562dc099d,0.0
8a85882653d0bb500153d96597b72471,1.0
8a85882653e1a3e00153e1f8033b1233,1.0
8a85882653e2eb990153f0f8a8520c4b,0.0
8a85882953bc04f80153bc05a36c0003,1.0
8a85883353d0c4e90153d24b9d0667bd,0.0
8a85883353d0c4e90153d308b87e7f1a,0.0
8a85883353e2e4e40153e615982440e2,0.0
8a85883353e2e4e40153eca57a9855c6,1.0
8a85883353e2e4e40153f068a4634e02,1.0
8a85884e548fad6501549a9435d71e85,1.0
8a85884e548fad6501549e6d40590168,0.0
8a85884e54a0565b0154a05a7dd10159,0.0
8a85884e54be33290154c3f438574c05,1.0
8a85884e54be33290154c7d802b73042,0.0
8a85886e54101890015410e5d5c83298,1.0
8a85886e541018900154117960df41f4,1.0
8a85886e54beabf90154c3f2f2ba3e59,1.0
8a85886e54beabf90154cabe9155402d,1.0
8a85886f543912e301543dfa84bb3132,0.0
8a85886f543912e301543e0badb035fa,0.0
8a85886f54517ee00154541985fc7c19,1.0
8a85886f54517ee0015458b911ab289c,0.0
8a85886f54517ee001546a2717571d36,0.0
8a85886f54517ee001547fa349f870cd,0.0
8a85887d53675f4f015379a44783264e,1.0
8a85887d5384ae1401538a1fd2a853d4,1.0
8a8588875438ed7e01543d072b3d7baa,0.0
8a858887545183ca015458c977db7bd2,0.0
8a85888c548fb3d501549593ea277c88,1.0
8a85888c54a05b820154a41ad90c504c,1.0
8a85888c54be35040154c6000efd4066,1.0
8a85888c54be35040154c75baed346d0,0.0
8a85889853efa9ce0153f00d9efc24b3,0.0
8a85889853f0fbaa0153f22d15cc4a8b,1.0
8a85889853f0fbaa01540f0d556f0ec3,0.0
8a858899538ddb8e01539042374a1e26,1.0
8a858899538ddb8e015390510b321f08,0.0
8a858899538ddb8e01539536add23417,0.0
8a858899538ddb8e01539893f3b86ee7,1.0
8a858899538ddb8e01539a6c3e99691c,0.0
8a858899538ddb8e01539adc8fa174ee,0.0
8a858899538ddb8e01539cefcf160450,0.0
8a858899538ddb8e01539eccc3c375fe,0.0
8a85889b53acd0a20153b21f8fc43a12,1.0
8a8588ae53f1cb7c0153fefa47f32810,0.0
8a8588ae53f1cb7c0153ffc5afb330b0,0.0
8a8588ae53f1cb7c015401ca6e5a5db8,0.0
8a8588ae53f1cb7c015405113ce7447d,0.0
8a8588ae53f1cb7c015418f319b81ecb,1.0
8a8588b2548362e60154854feb462ab1,0.0
8a8588b2548362e601548bffd0e62b04,0.0
8a8588b75438f49901544510041e0951,0.0
8a8588b75438f49901544dd4d4991156,0.0
8a8588b754517d80015457518d6a1968,0.0
8a8588bf54c8eab60154c924cdd218ef,0.0
8a8588c2546bf759015471842d602473,0.0
8a8588c2546bf7590154830ec1d21661,0.0
8a8588c7541e2f4b01541e3a48830105,0.0
8a8588c7541e2f4b015432ff754e0971,1.0
8a8588d653a43f600153a832f1516034,1.0
8a8588d653a915270153aa96cfac2e31,1.0
8a8588d653a915270153ab10232e304f,0.0
8a8588dc536a1413015376c0e10065b2,0.0
8a8588dc5384a05f0153895b425a2a63,0.0
8a8588dc5384a05f015393fe59506c77,0.0
8a8588dc5384a05f01539a4fbd8e1f5d,0.0
8a8588dc5384a05f01539af1485135ae,0.0
8a8588dc5384a05f01539f0b767647ce,1.0
8a8588dc5384a05f0153a3e02aa271a9,0.0
8a8588dd54a3ead30154a63ea45314a8,0.0
8a8588dd54be35520154c60d7af90d99,1.0
8a8588dd54be35520154c92031650de4,1.0
8a8588e65485c1da0154869013603444,1.0
8a8588f35438fe1201543d4927a77644,1.0
8a8588f35438fe1201544910ded312f7,0.0
8a8588f35451808f0154682042b8389b,0.0
8a8588f5542eb0d4015436389126718b,0.0
8a8588f6548fb0c20154957369615d27,0.0
8a8588f7548fb0a301549bd960a96cd3,1.0
8a8588f7548fb0a301549ced5ac07c9d,0.0
8a8588f754a058cb0154b12e44351523,1.0
8a8588f754a058cb0154b3b507dc1abe,1.0
8a8588f754a058cb0154b405217f1d65,1.0
8a8588f754a058cb0154b86caf3a73a4,0.0
8a8588f754a058cb0154bb6c773d1bbb,0.0
8a8588f853b1b2d40153be4cdb8c6810,1.0
8a8588fd53c244bc0153c62ea7c404ee,1.0
8a8588fd53c244bc0153c6628bb40fe5,1.0
8a8588fd53c244bc0153c7464a0b550c,1.0
8a8588fd53c244bc0153c77b6b9e691b,1.0
8a8588fd53c244bc0153c7d786e9171d,0.0
8a8588fd53c244bc0153c8251f132fd7,1.0
8a8588fd53e2e6cf0153ec3302de1278,1.0
8a8588fd53e2e6cf0153ec45be7c1613,0.0
8a8588fd53f1099e0153ff88e0b16f21,0.0
8a8588fd53f1099e0154046cf0b95f16,0.0
8a8588fd53f1099e01540eeac7633d4c,1.0
8a858900536a043401537f6cf1b222b7,1.0
8a8589005384ab570153880ceba74594,0.0
8a85890253e2f1180153e56e89c93156,0.0
8a85890253e2f1180153eabcfe945ac3,1.0
8a85890253e2f1180153eae33e5e6bc3,1.0
8a8589045384bd83015384deb3ee0e13,0.0
8a8589045384bd8301538f539eb13617,1.0
8a8589045384bd830153966de1b77ab3,0.0
8a8589045384bd83015399ab579042b9,0.0
8a85890453a912500153aa6fe6be3c5d,0.0
8a85890754145ace015429f1960607e4,0.0
8a85891e53ad0e6b0153af3918bb1d28,0.0
8a85891e53ad0e6b0153b0ba20452521,0.0
8a85891e53ad0e6b0153b3d3854156fb,0.0
8a85891e53ad0e6b0153bde2fece1bef,1.0
8a858928548fb121015495dafe41016b,1.0
8a858928548fb121015496238670164a,1.0
8a85892854a059ed0154aa182dd84489,1.0
8a85892854a059ed0154aa9b70bc638d,0.0
8a85892854be331a0154c4bf71841892,1.0
8a85892854be331a0154c7f8abdb669b,0.0
8a85892854be331a0154c901e52e390a,1.0
8a858929535ff7a2015362423ea12578,1.0
8a85892e5425ad2001542d2827756546,0.0
8a85892e5425ad2001543095054f5b28,0.0
8a85893d53e2e2f30153ef9dfaf4133e,1.0
8a85893d53e2e2f30153efcc6da71f5f,1.0
8a85893d53e2e2f30153f00df3e33622,1.0
8a85893d53f104eb0153f50deaef1783,0.0
8a85893d53f104eb0153fec8703465f1,1.0
8a85893d53f104eb015400808d86752b,0.0
8a85893d53f104eb0154054115f12c61,1.0
8a85893d53f104eb01540e4ca76369ad,0.0
8a85893d53f104eb01540e7f589775c3,1.0
8a85893d53f104eb01540f07d008224d,1.0
8a85893d53f104eb015410ce1d262cdd,0.0
8a85893d542e18bc0154379710d6562c,0.0
8a85893d542e18bc015438b652f841c3,1.0
8a85895054be35160154c36a6ba03ea0,1.0
8a85895054be35160154c4ecf44a240c,1.0
8a85895354a059690154b8fdd9a57ed1,1.0
8a85895354be33300154bf7a48366035,0.0
8a85895354be33300154c4e81edf0dd7,1.0
8a858957536752f3015375a5f55e5eaa,0.0
8a858957536752f3015375ad08686045,1.0
8a858957536752f301537984cbf74bb2,0.0
8a858959537a097401537a4e316e25f7,0.0
8a858959537a097401537f0fb3eb6abe,0.0
8a8589595384a85301538ab9e183018a,1.0
8a8589595384a853015392bf85934db0,0.0
8a8589595384a853015395639a276821,1.0
8a8589595384a853015399b541617655,0.0
8a8589595384a8530153a32a2e9f584d,0.0
8a858966538deb19015391420fe01f59,0.0
8a858966538deb190153957484683e67,0.0
8a858966538deb19015399017c6624de,1.0
8a858966538deb190153995769e748d1,0.0
8a858966538deb1901539f5e7eb051a1,1.0
8a858966538deb190153a3e3cce916e9,0.0
8a858966538deb190153a778edfb61aa,0.0
8a858966538deb190153a81904df118e,0.0
8a85896653e0641c0153e12519674d02,1.0
8a85896653e2e18b0153e56f2a852da4,1.0
8a85896653e2e18b0153e69c1b90265c,0.0
8a85896653e2e18b0153ea3a02c07f87,0.0
8a85896653e2e18b0153f09b2aa35634,0.0
8a85896653f0fed20153f755e081662f,1.0
8a85896653f0fed20153f9e6f6f27315,1.0
8a85896653f0fed2015400f8b1973c84,1.0
8a85896653f0fed201540285f3625829,0.0
8a85896653f0fed20154065bbe063ff7,1.0
8a85896653f0fed2015409612ce006b1,1.0
8a858970548359cc0154856f47c73b81,0.0
8a858970548359cc0154866750a97482,1.0
8a85897353d85af80153e0106e264de4,0.0
8a8589845369f34301537c2ccbeb6972,1.0
8a85898a53bc15600153bed1da1525cf,0.0
8a85898a53bc15600153c45f7a98352e,0.0
8a85898a53bc15600153c76825c74b94,1.0
8a85898a53bc15600153c7933fdc686b,0.0
8a8589a053acc39e0153aff9bbd7238a,1.0
8a8589a053acc39e0153b20ebccf30b9,0.0
8a8589a453bc422d0153c724edd84327,0.0
8a8589a453bc422d0153c752246a54c1,1.0
8a8589a453bc422d0153c78133226c26,1.0
8a8589a453bc422d0153c8a17dca5ebc,1.0
8a8589a453bc422d0153d05a844b6792,0.0
8a8589a453d0b8850153d7410291589f,1.0
8a8589a754386216015438a93cd229e8,1.0
8a8589a75438621601543ab52054150c,0.0
8a8589a7545186b1015468c4ca294b60,1.0
8a8589a7545186b101546de734bb6d5d,0.0
8a8589ac53a4303e0153a8d2389f2bc2,0.0
8a8589ac53a917ed0153aaed86c82d91,0.0
8a8589af547ff51b015481b0e7bb7d8e,0.0
8a8589af547ff51b015485b51dfa66b3,1.0
8a8589b0541e21e401541ec02e000ec4,0.0
8a8589b953bc23f70153bcb44fc40b19,0.0
8a8589b953bc23f70153c60c56b21c00,0.0
8a8589b953bc23f70153c72021c26a79,0.0
8a8589b953bc23f70153c7b5e85f25bd,0.0
8a8589b953bc23f70153c90114817143,1.0
8a8589b953bc23f70153cb94556a2f7c,0.0
8a8589b953bc23f70153cf2e6d442c45,0.0
8a8589b953d0be470153d166c59f388e,0.0
8a8589b953d0be470153d6173d7c3fdd,0.0
8a8589b953d0be470153dc27464373c8,1.0
8a8589b953d0be470153e043e57e2d79,0.0
8a8589c1545181f301547bc43dd2668b,1.0
8a8589c1545181f3015481a6fb827b40,1.0
8a8589c253ace09b0153af6ba58f1f31,1.0
8a8589c253ace09b0153bdb04bbc192f,1.0
8a8589d7548fb3a801549a62a32e3d5a,1.0
8a8589d754a05c0a0154a492f1746b13,0.0
8a8589d754be350e0154bea33f411c02,0.0
8a8589d754be350e0154c873af647457,1.0
8a8589d8548faed501549a0fd1d72170,1.0
8a8589d8548faed501549fb0909d12b2,0.0
8a8589da5410287f01541a012bf23abb,0.0
8a8589da5410287f01541ff402633c01,1.0
8a8589ec54517bf901545877e3dc1652,0.0
8a8589ec54517bf90154682378410694,1.0
8a8589ec54517bf901547cc944a27d52,1.0
8a8589f35451855401545c6aab952f7d,1.0
8a8589f35451855401546b0738c42524,1.0
8a8589f35451855401546bca9c952edb,0.0
8a8589f3545185540154764b72b027fb,1.0
8a8589f853efac520153f0ce27f61ee1,0.0
8a8589f853f100fb0153fae1900a7f58,1.0
8a8589f853f100fb01540a6faacb4e74,1.0
8a8589f853f100fb015410f0ae5738e2,0.0
8a858e0059416900015959ea8c801312,1.0
8a858e005941690001595e9e0eb82cde,1.0
8a858e005941690001596c6cde945968,0.0
8a858e005c2154c2015c25ecd0760ca2,0.0
8a858e005c2154c2015c2cf818481eb3,1.0
8a858e005ca7abe3015ca7fcdd9e1687,0.0
8a858e0156b782a10156b81770b82e07,1.0
8a858e0156b782a10156b96d30cb5b73,1.0
8a858e0156b782a10156bcdeedd505a3,1.0
8a858e0156b782a10156c6ed04d7049c,0.0
8a858e0156b782a10156dfbdd6a1331c,0.0
8a858e015c58ee6a015c592ed3541c4a,0.0
8a858e0256b781d80156b8f2d33c4f27,0.0
8a858e0256b781d80156bb503f2d71d7,0.0
8a858e0256b781d80156c19fddb831ee,0.0
8a858e0256b781d80156c20e3b025c59,1.0
8a858e0256b781d80156c257b79f0ac0,0.0
8a858e0256b781d80156c3064ab92fae,0.0
8a858e0256b781d80156cbcbc09a471c,0.0
8a858e035693e029015696c50f545a8b,1.0
8a858e035693e02901569c2e205d58ac,0.0
8a858e035693e0290156b7095c00491c,1.0
8a858e0359b799e30159b7c4d72314cf,0.0
8a858e0359bb64590159c00194e641f9,1.0
8a858e0359cf06110159cf9c88e42ab0,0.0
8a858e035a60d2b0015a60dfa9a40831,0.0
8a858e035b62dff0015b63c73aba6d9a,1.0
8a858e0458d4ac3d0158dd57e64e736c,1.0
8a858e0458d4ac3d0158dee8a7a84b5c,1.0
8a858e0458d4ac3d0158e7fee4351588,1.0
8a858e045b495c30015b5317021320fa,0.0
8a858e045b495c30015b53e0569d3bbe,1.0
8a858e045b495c30015b54075ab043e5,0.0
8a858e045cd5b1d6015cd5e4a7971699,0.0
8a858e045cd5b1d6015cd9c070a212a5,0.0
8a858e045cd5b1d6015cdb5446b34af8,0.0
8a858e045cd5b1d6015cdf06e4dc7e71,1.0
8a858e045cd5b1d6015ce312a2775743,0.0
8a858e045cd5b1d6015ce4c1eb434643,1.0
8a858e045cd5b1d6015ce52f1a166c1b,1.0
8a858e085ca0b5e8015ca0baedb30280,1.0
8a858e095aae82b7015aae86ca1e030b,0.0
8a858e095c59b91b015c59d6c3e90f73,0.0
8a858e0a565e71c401565f18e2630bcb,0.0
8a858e0a5668e69c015669270a510c49,1.0
8a858e0a5668e69c0156782807775d39,1.0
8a858e0a5668e69c01567af9d4890906,1.0
8a858e0a5668e69c01567edcd2bc2bf8,1.0
8a858e0a5668e69c015680dcf84a7f9c,1.0
8a858e0a5a85cfaa015a85f21a5e0bea,1.0
8a858e0a5b192e2e015b1948fba112cf,0.0
8a858e0b5cfa2028015cfe1927380b99,0.0
8a858e0b5cfa2028015d034211a96a52,0.0
8a858e0b5cfa2028015d092b47e27e30,1.0
8a858e0b5d1d8104015d1da5234b0e90,0.0
8a858e0c552ae0b801553545d3540c8c,0.0
8a858e0c552ae0b801553548b39d0db2,0.0
8a858e0c552ae0b801553c98c01724b2,0.0
8a858e0c552ae0b801553e7fcd662ff7,0.0
8a858e0c552ae0b8015543cb7d1a5cbd,1.0
8a858e0c5bf343de015bf762be82124b,1.0
8a858e0d58625b41015862eadbe32d73,0.0
8a858e0d58625b410158641fcfec1b72,0.0
8a858e0d59b23c720159b35b31f54d8b,1.0
8a858e0d59b7438d0159bad16dec7397,0.0
8a858e0d59c9abfc0159cac7fba146ab,1.0
8a858e0d5aa8e240015aa8e8c383070d,1.0
8a858e0d5aa8e240015aa8fb5bc5165f,1.0
8a858e0f5577f57901558109093f578c,0.0
8a858e0f5577f579015581d14503059f,0.0
8a858e0f5577f579015581e5b7620c02,1.0
8a858e0f58447645015849704e667760,0.0
8a858e0f58afbace0158b7e566952a99,1.0
8a858e0f58afbace0158c909b63e176b,1.0
8a858e0f5c45466f015c46d8a4047abc,1.0
8a858e0f5c45466f015c518a7d2e5bbe,1.0
8a858e0f5c45466f015c541a01a868a1,0.0
8a858e10570f2d65015717fcfec44996,0.0
8a858e10570f2d6501571f38cbfc725c,1.0
8a858e105bd92644015bd94c80a90e1b,0.0
8a858e105bd92644015bda5890b251e6,0.0
8a858e105bd92644015bdb6b69395d10,1.0
8a858e105bd92644015bdc54519566e5,1.0
8a858e105bd92644015be07c35237d0d,0.0
8a858e105c1c09c8015c1cc872e155e5,1.0
8a858e105c1c09c8015c1d4a28156d9a,1.0
8a858e1158dc4d830158f4057fc638c1,1.0
8a858e1158dc4d830158fabcf67068d0,1.0
8a858e1158dc4d830159015170547d02,0.0
8a858e125a48129b015a49f571142de2,0.0
8a858e125a48129b015a4d67d0af79ce,0.0
8a858e125b1ff78f015b2030942c2d22,1.0
8a858e125b1ff78f015b237dc4da47e9,0.0
8a858e125b391784015b3938942d2058,0.0
8a858e135c78e673015c794a54092a97,0.0
8a858e135c78e673015c7c818dbd2262,1.0
8a858e135c7e2eec015c81e0d3d1325d,0.0
8a858e135cb22031015cb58116983b37,0.0
8a858e135cb22031015cbb1fe09555f4,0.0
8a858e135cb22031015cbcf1122f779e,1.0
8a858e135cb22031015cc039e591078b,1.0
8a858e135cb22031015cc0a1aa8e3406,1.0
8a858e135cb22031015cc47670b55fa6,0.0
8a858e1556321b940156558c236d45af,1.0
8a858e16562dbf18015631258ed16411,0.0
8a858e165a47b2fd015a47ba957b0591,0.0
8a858e165b90faf9015b94c5e95e727f,1.0
8a858e165b90faf9015b9689938b1ff6,1.0
8a858e165b90faf9015b9a873738471e,1.0
8a858e165cf9d8e3015cfffb0c61459f,1.0
8a858e17562dc2270156312c4a755edc,1.0
8a858e175872e14e0158760dbfcc5d06,1.0
8a858e175872e14e015876e1c25212de,1.0
8a858e175b343fe2015b344c1e5b0f48,0.0
8a858e175b343fe2015b34860bbf44da,0.0
8a858e1856aa901b0156ae8f6ada1a00,0.0
8a858e1856aa901b0156b3b683c36060,1.0
8a858e185b4923b4015b4c4dd82a073b,0.0
8a858e185b4923b4015b4e60a5c475ca,1.0
8a858e185b4923b4015b549f63781182,0.0
8a858e185b57cc76015b57e77d890d59,1.0
8a858e185b57cc76015b57ee502c112c,1.0
8a858e195b90e512015ba0eb4eed5ef5,1.0
8a858e195ccb3020015ccc1f0901664d,0.0
8a858e195ccb3020015ccf6f378a0e9b,0.0
8a858e1a59cbf7460159cfa0e079219d,0.0
8a858e1a59cbf7460159d0335d9a6a03,1.0
8a858e1a5bd8a6ae015bd8b73b94063f,0.0
8a858e1a5bd8a6ae015bd8fee0f624a8,1.0
8a858e1c56dfea870156e1cca79f084d,0.0
8a858e1c5bab1191015bb3064eba3de3,0.0
8a858e1c5bf7d78e015bf8040dfc1602,0.0
8a858e1d5ad28479015ad32c791e68f7,0.0
8a858e1d5b2510b2015b2ec1e9541f3c,0.0
8a858e1d5b2510b2015b3059914e6865,0.0
8a858e1d5c5a460c015c5e52353154e3,0.0
8a858e1d5cd58f9e015cd91cdee408ca,1.0
8a858e1d5cd58f9e015cde53c77b1274,0.0
8a858e1d5cd58f9e015ce109b14c577e,0.0
8a858e1d5cd58f9e015ce46e63263acd,0.0
8a858e1d5cd58f9e015ce4d0e49950d5,0.0
8a858e1d5cd58f9e015ceaeac93864b5,0.0
8a858e1e54e2aa5a0154e2bed058051e,0.0
8a858e1e54e2aa5a0154e2e87bf317e5,1.0
8a858e1e54e2aa5a0154e31e842130b6,1.0
8a858e1e5a1e6835015a22bbbeca0b24,1.0
8a858e1f5cac899f015cad49e98535fa,1.0
8a858e205af14ee8015af221e4fb5fd6,1.0
8a858e205bcee61c015bcf7dfcf3355b,0.0
8a858e205c21d53a015c237cb6fd1fe7,0.0
8a858e205c21d53a015c2a1bbee92567,1.0
8a858e205c21d53a015c31cc641b57ab,0.0
8a858e205c21d53a015c31eef2ae5b6a,1.0
8a858e205c21d53a015c32394c2162f8,0.0
8a858e205c880ef2015c8859fc092b1f,0.0
8a858e2155defefd0155e3c9a8564f63,1.0
8a858e2155defefd0155f51978645e36,1.0
8a858e21586d1ac801586d9b9f0a2f3b,1.0
8a858e215ca77c7f015caa601f6e5976,0.0
8a858e215ca77c7f015cab19f5c92961,1.0
8a858e215ca77c7f015cab1db72d2b63,0.0
8a858e225a1e98ab015a1f5c431d33b4,0.0
8a858e225a22cf58015a2471b4854027,0.0
8a858e225a28c713015a2cfb72ce119e,0.0
8a858e225a28c713015a30db5c48383d,1.0
8a858e225c404292015c409a09261363,0.0
8a858e225c404292015c4e2b42c67bbe,1.0
8a858e235b5784eb015b5790e9e109d7,1.0
8a858e235bd971a4015bd984429906d5,1.0
8a858e235bd971a4015bda37fb3d2ef6,1.0
8a858e235bd971a4015be16b9d155631,0.0
8a858e235bd971a4015be654eb7a6489,0.0
8a858e235bd971a4015be80845bb2119,1.0
8a858e235be813f6015be923ff0d621f,1.0
8a858e245a4f0e47015a5adda94f4429,1.0
8a858e245a5c008c015a5c266238148c,0.0
8a858e245b680423015b6b3689d46b4b,0.0
8a858e245b680423015b6ced9fa8358f,0.0
8a858e245b680423015b6dd77f2150e8,1.0
8a858e245b680423015b70e6d3300586,0.0
8a858e245b680423015b70f7a57e07ac,0.0
8a858e245b680423015b7ad113d6259a,1.0
8a858e245b680423015b8056f2c015eb,0.0
8a858e245c214660015c22c54eda4ee0,1.0
8a858e245c214660015c27adef9e3e17,0.0
8a858e245c214660015c2c27234403a9,1.0
8a858e245c214660015c2fec6a70058e,1.0
8a858e245c214660015c307d07003faf,1.0
8a858e245c214660015c31e74aff1f94,1.0
8a858e245c214660015c3397e4db389a,1.0
8a858e245c5f3f7c015c5fc06e1022b7,0.0
8a858e255557edfe015559c51f350cc0,0.0
8a858e255557edfe01555f78e7df06dd,1.0
8a858e255557edfe015563a492d53502,0.0
8a858e255557edfe0155702304192a3b,0.0
8a858e255557edfe015573404b8a167f,0.0
8a858e255b910db1015ba0f65f8e3b69,0.0
8a858e255b910db1015ba178f5865126,0.0
8a858e285c7c7fc9015c7c8c1e040865,1.0
8a858e2959d14bd70159d4bc25587344,0.0
8a858e2a5cc5bf8f015cc61d74712929,0.0
8a858e2b5853023201585e93b6372b51,0.0
8a858e2b598cba8201598e0475ff4489,0.0
8a858e2c5bd33ac0015bd3680c8b1bad,0.0
8a858e2d565657b101565ae54e5638c1,0.0
8a858e2d565657b101565c1b4e586d85,0.0
8a858e2d565657b101565c1f67be6de7,0.0
8a858e2d565657b1015668e28ed86029,0.0
8a858e2d5aebef07015aec2e96e372c8,0.0
8a858e2d5bb55d46015bbf3c999363f3,0.0
8a858e2d5bb55d46015bc34c011f3c7e,0.0
8a858e2d5bb55d46015bc56e31b02869,0.0
8a858e2e5bb57a37015bbdd7f994337a,0.0
8a858e2e5bb57a37015bbe1b8d6d3830,1.0
8a858e2e5bb57a37015bc0e3cdd00b74,1.0
8a858e2e5bb57a37015bc30f34e02cf7,1.0
8a858e3257b91c6d0157d208aede0483,0.0
8a858e335d1dd902015d243228db3b9b,0.0
8a858e345a04f20b015a0ee4dd6b1c38,1.0
8a858e345bd96da8015bd9def9c624f6,0.0
8a858e345bd96da8015bdaa8f56d42c1,0.0
8a858e345bd96da8015bdda4b3061ff5,1.0
8a858e345bd96da8015bdf494ac059fe,1.0
8a858e345bd96da8015be30e7a5a308f,0.0
8a858e345bd96da8015be325004232e3,0.0
8a858e345bd96da8015be3d7c0894a31,1.0
8a858e345bd96da8015be3ddca8f4af8,0.0
8a858e345bd96da8015be4fad6386f24,0.0
8a858e345bd96da8015be6289d010075,0.0
8a858e345bd96da8015be708cfda2c74,0.0
8a858e345bd96da8015be74e2d845157,0.0
8a858e35589c0ac00158a5b90844229d,0.0
8a858e3559080830015923412dd84294,1.0
8a858e355908083001593c3acd320f4b,0.0
8a858e3654e2a8240154e72ee7022fb0,0.0
8a858e3654e2a8240154e86636f673f8,0.0
8a858e3654e2a8240154e9fa08b9171e,1.0
8a858e3654e2a824015500c98d76622f,0.0
8a858e3654e2a82401550addb6133675,0.0
8a858e3654e2a8240155118fdd72053b,1.0
8a858e36590808e3015917a6dae57137,1.0
8a858e36590808e30159431352ef5f7d,1.0
8a858e36590808e3015947b0870e6c89,0.0
8a858e365ca12b1d015ca1379747057d,0.0
8a858e375bcf8394015bd371116d6fba,0.0
8a858e3957d7ca4e0157dd41757b30dd,0.0
8a858e395cb1d4d9015cb4935f513aae,1.0
8a858e395cb1d4d9015cbd121e2a20c7,0.0
8a858e395cb1d4d9015cbe36653b294e,1.0
8a858e395cb1d4d9015cbf8640086398,1.0
8a858e395cb1d4d9015cc067ecea501f,0.0
8a858e395cb1d4d9015cc0f4883c172c,1.0
8a858e3a54e33702015525824932748f,0.0
8a858e3a54e3370201552745a1785f7c,0.0
8a858e3c5853733801585dadb1334a2e,1.0
8a858e3c58537338015864369edf2b32,1.0
8a858e3c5cac9fcc015cacb7b97a0977,1.0
8a858e3d55ca3ef60155ce643a0663d5,0.0
8a858e3d55ca3ef60155d426178f29ab,1.0
8a858e3d570f30bb0157187594143f8f,1.0
8a858e3d570f30bb01571db9f99b0254,0.0
8a858e3d5c3b5122015c3c3fdc122cdf,0.0
8a858e3d5c3b5122015c3f19525a05d4,1.0
8a858e3d5c3b5122015c3fafb49c3399,0.0
8a858e3d5c3b5122015c408c5c046a18,1.0
8a858e3e5922ba4301592d167a8d19b7,1.0
8a858e3e5922ba4301593bdd879f6f02,0.0
8a858e3e5922ba430159604e0bc87433,0.0
8a858e3e5922ba43015960f173140164,0.0
8a858e3e5b3ee747015b3fd9dd5a1bd5,0.0
8a858e3f5b5cecb6015b5d16a740279e,0.0
8a858e405c7d6d65015c7da263c017a1,0.0
8a858e41579fc64b0157b4831cca06cd,0.0
8a858e415c5a2000015c5a85158e2fd3,0.0
8a858e425700714c015700c9da261e46,0.0
8a858e42570314e001570584d48641dc,0.0
8a858e42570314e00157062a120e6345,0.0
8a858e4357be1daf0157bebb3c4c6fa3,1.0
8a858e435bedeb4f015beefb8a294d30,1.0
8a858e435bedeb4f015bf103d73403bf,0.0
8a858e435d37b4ce015d392878493f59,1.0
8a858e435d37b4ce015d3b2164ed0b00,0.0
8a858e44573d4b3701574dcc81ef0120,0.0
8a858e44573d4b37015750d2bd534777,0.0
8a858e445add19b4015ade12ac4d382a,0.0
8a858e445add19b4015ae205caa61bfd,0.0
8a858e445add19b4015ae7ed46155eb9,0.0
8a858e445add19b4015ae905c37c7b00,0.0
8a858e445ca25ee3015ca2d9d82b2276,0.0
8a858e445ca25ee3015ca2f66dc826e0,1.0
8a858e445ca25ee3015ca6262dd83aaf,0.0
8a858e445cd56553015cd93e66b47d16,0.0
8a858e445cd56553015cd94108ba7dc1,0.0
8a858e445cd56553015ce0837e8536e7,1.0
8a858e445cd56553015ce17d2c26494d,0.0
8a858e445cd56553015ce203566b4ea7,0.0
8a858e445cd56553015ce5feaf637ede,1.0
8a858e445cd56553015ce919c86b2438,0.0
8a858e445d31e47a015d3213da101e6e,0.0
8a858e475c127bce015c15e434622bde,1.0
8a858e475c127bce015c16382ae853cb,1.0
8a858e475c127bce015c16667af86900,0.0
8a858e475c127bce015c169071077ceb,0.0
8a858e475c127bce015c1715ca853ccf,0.0
8a858e475c1c2ea7015c204c71df404c,0.0
8a858e4854d4be9d0154e1713f106e06,1.0
8a858e485cc0eed3015cc5416e6e71b8,0.0
8a858e495bf8527e015bf8a5de842da2,1.0
8a858e495bf8527e015bf937253b50ff,0.0
8a858e495bf8527e015bf9ec3e176b75,0.0
8a858e495bf8527e015bfc8aea892236,0.0
8a858e495cef1ef1015cef8066103757,0.0
8a858e495cef1ef1015cf34cd155057f,0.0
8a858e495cef1ef1015cf3901dc62a7d,0.0
8a858e495d1e235c015d1e7b78531355,0.0
8a858e495d1e235c015d2bcddad44cd9,0.0
8a858e495d1e235c015d2cab67f045eb,1.0
8a858e4a5cac6f81015cad78a648389f,0.0
8a858e4a5cac6f81015cae46ed034497,1.0
8a858e4a5cac6f81015cb07850bc4ed8,1.0
8a858e4b5a94ae68015aa2b2bc5941b4,1.0
8a858e4b5cb1e4d7015cb2c1a0f4204c,0.0
8a858e4b5cb1e4d7015cbc7f1e3e7b96,0.0
8a858e4b5cb1e4d7015cbf51622434f2,0.0
8a858e4b5cb1e4d7015cc1690bb93c0a,0.0
8a858e4e5b33db76015b33e5561f0c42,0.0
8a858e4e5b66d372015b66db5e88070c,1.0
8a858e4e5c3502ab015c3581a2ea2f66,0.0
8a858e4f58b9f0b40158d31e17fc2a7e,1.0
8a858e4f5929c3df01595086e6cd773f,0.0
8a858e4f5b809b52015b80ed27b4244f,1.0
8a858e4f5d31cd1f015d32059b15239c,0.0
8a858e505ad27570015ad3a536d46c46,0.0
8a858e51584a1fc7015859e83e2a4eb4,0.0
8a858e515b38f839015b39083e321384,0.0
8a858e515bf280aa015bf2ca521e26a3,0.0
8a858e5257d85fa40157ddeb16f322c3,1.0
8a858e525cac859d015caee19f745160,1.0
8a858e5357c8273b0157cf6403254f68,0.0
8a858e5357d823010157e0abedca5874,1.0
8a858e5357d823010157e1248f816ec5,1.0
8a858e535bab293b015bb3adfe690ad4,0.0
8a858e5555780ea001557c358eac1a2c,1.0
8a858e5555780ea001557e4e09383b96,0.0
8a858e575a6c2e70015a6f61169b73b4,0.0
8a858e575bf80f73015bf8472cda156a,0.0
8a858e575bf80f73015bf94be93b55ce,1.0
8a858e575bf80f73015bfbb6e1692e6d,0.0
8a858e575bf80f73015bfbc59df93401,1.0
8a858e575cf89b61015cf8b4bb1b0d8c,1.0
8a858e585693982b015698da71ca5342,0.0
8a858e585693982b015699e7c57e03e2,0.0
8a858e585693982b01569ad52d7b1498,0.0
8a858e585693982b01569cc35e894aed,1.0
8a858e585693982b01569e0079561fb1,1.0
8a858e585693982b0156ae3b98be2f9e,0.0
8a858e585693982b0156b439a16e0a8d,0.0
8a858e585693982b0156b6329ee229d6,1.0
8a858e5856b7840c0156bb256d6e0e6a,0.0
8a858e5856b7840c0156bbf9338d4bd6,1.0
8a858e5856b7840c0156bcc7ca5f1618,0.0
8a858e5856b7840c0156c183c7966a3a,0.0
8a858e5856b7840c0156c289b8584f4c,1.0
8a858e585beda464015bf183f05c64ff,0.0
8a858e59569397d50156944b474d2bb8,1.0
8a858e59569397d50156ad56f88c51ee,0.0
8a858e5a5be99e1c015bebdbc5d04739,0.0
8a858e5b5bd99460015bdd35ed9771e9,0.0
8a858e5b5bd99460015bdf2c189d392a,0.0
8a858e5b5bd99460015bdf715c7c3f80,0.0
8a858e5b5bd99460015be170e2465d99,1.0
8a858e5b5bd99460015be581e6a247b8,0.0
8a858e5b5bd99460015be71e03dc77ed,0.0
8a858e5b5ca767e1015ca810b22e2d3e,1.0
8a858e5b5ca767e1015cab5c58e371a0,0.0
8a858e5b5d37b45d015d3bc259e55449,1.0
8a858e5c56f98bad01570d1d648e2761,0.0
8a858e5c5c361f7d015c3970b6676146,0.0
8a858e5d57518f460157579f21843441,1.0
8a858e5d5bf3454f015bf4ff33845406,0.0
8a858e5d5c7e25b4015c8196828519c6,1.0
8a858e5e57adcb8e0157ae03888418ff,1.0
8a858e5e57adcb8e0157b5023bf2676e,1.0
8a858e5f5b390a6e015b3916bcf60ccb,0.0
8a858e5f5d0e9ac2015d114f3fb57058,0.0
8a858e6059e0a7080159eaed2c724220,0.0
8a858e605ce99f55015cea610eab6542,0.0
8a858e605ce99f55015ceacaa29d0ba5,1.0
8a858e605ce99f55015ced0a99a63ba4,0.0
8a858e605d3c7ec7015d3c8f538c07d2,1.0
8a858e615c832be8015c84b0c149554a,1.0
8a858e625af61555015af661e8003508,0.0
8a858e625c8d993a015c8ed65d1a60e2,0.0
8a858e625c8d993a015c91eb86343292,1.0
8a858e625c8d993a015c922feb223e68,1.0
8a858e625c8d993a015c9334d1f96fba,0.0
8a858e625c8d993a015c938f829f77ee,0.0
8a858e625c8d993a015c944701ea0746,1.0
8a858e625c8d993a015c97da8e5a5999,0.0
8a858e625c8d993a015c9bb44a9b0854,0.0
8a858e625c8d993a015c9bf9278c32f7,1.0
8a858e625c8d993a015ca08967f80999,1.0
8a858e63599799e901599a7ad1fb65e9,0.0
8a858e6359a764180159a7e46f8f1da6,0.0
8a858e6359a764180159a89577a06015,0.0
8a858e635bd8fe1e015bd93b5ecc1efe,0.0
8a858e6455828e710155842b4ffa280e,0.0
8a858e645591c24b01559c74651d5f0e,0.0
8a858e645591c24b0155a059b3f27431,0.0
8a858e645654fdc401565f15ee130fde,0.0
8a858e645654fdc4015660f5f3593a9f,1.0
8a858e6458625423015864d7a62e6785,0.0
8a858e6458625423015866b8e3c20576,0.0
8a858e645862542301586d65e8e03e2c,1.0
8a858e645afb8f74015afbd64d8b2f9c,0.0
8a858e65582a517e0158314aa5853c15,0.0
8a858e655a047d1a015a047d7ad40067,0.0
8a858e655a047d1a015a0daaf9874735,0.0
8a858e655a047d1a015a0e7907c55531,1.0
8a858e655a047d1a015a12bb060936ff,1.0
8a858e655a047d1a015a12f9d9eb5b9c,0.0
8a858e655a047d1a015a17be58262943,1.0
8a858e655cd0642d015cd13036454516,1.0
8a858e6656322b0f015643271cc23836,1.0
8a858e6656322b0f01564b5e36130b95,1.0
8a858e66582a51a301583396652f58da,0.0
8a858e675a3bef15015a3c06da560bdd,1.0
8a858e675a3bef15015a3c0f2e700eb7,0.0
8a858e675b00c831015b06776ce75e69,0.0
8a858e675c3fe0a1015c44ba8a037fee,0.0
8a858e675c3fe0a1015c49af1dd366b0,0.0
8a858e675c3fe0a1015c52ff728c13e3,1.0
8a858e685adba68e015adc39b1736fc3,1.0
8a858e685c174778015c1a1c2b6b557b,0.0
8a858e685c217d36015c22d730c532f0,1.0
8a858e685c217d36015c27c78514225b,1.0
8a858e685c217d36015c2fedb165662b,1.0
8a858e69566ae5b801566b5ea4f6269f,1.0
8a858e69566ae5b801566c40bb294259,0.0
8a858e69566ae5b801566fcb6148761d,1.0
8a858e69566ae5b801566ff083790265,0.0
8a858e69566ae5b8015670dfc8cc4825,0.0
8a858e69566ae5b80156711deca24df3,1.0
8a858e69566ae5b801567b97d3465e99,0.0
8a858e69566ae5b801568eb3041a121a,0.0
8a858e69566ae5b801568fe0bb8a4fd0,1.0
8a858e69566ae5b8015690272e3553fa,0.0
8a858e69566ae5b801569187d18d5bba,0.0
8a858e6956939bac015693ab5e95049f,0.0
8a858e6956939bac015695667dc84376,1.0
8a858e6956939bac01569d5dd0256c09,0.0
8a858e695775665c015779a1a5cc1192,1.0
8a858e695775665c01578086c7ef551a,0.0
8a858e695d1e075c015d211df3354b8e,0.0
8a858e6a5bfd4b54015bfd6f35f40fb2,0.0
8a858e6a5bfd4b54015c0065e2c6050f,1.0
8a858e6a5bfd4b54015c05a75bed32ac,1.0
8a858e6a5bfd4b54015c0b1d85ef208e,1.0
8a858e6a5bfd4b54015c0c3c5d021c4c,0.0
8a858e6a5bfd4b54015c0d136472048e,0.0
8a858e6a5bfd4b54015c0e31d74c35da,0.0
8a858e6a5bfd4b54015c0e8431373c5e,1.0
8a858e6a5bfd4b54015c109266872b55,1.0
8a858e6a5c829229015c829aad4f05b5,1.0
8a858e6a5c829229015c82ac07c30f58,1.0
8a858e6a5cc6b1aa015cc74b2e5a12bb,0.0
8a858e6a5cc6b1aa015cc90e451e31e0,0.0
8a858e6b5ccb6ea8015ccf1c58031389,0.0
8a858e6b5ccb6ea8015ccf29e82b1b24,1.0
8a858e6b5ccb6ea8015cd03740010fff,1.0
8a858e6b5d1885ce015d1894c8620d20,1.0
8a858e6c5b5bd8ac015b5c0357581aef,0.0
8a858e6c5c88d145015c8c304fd31930,0.0
8a858e6c5c88d145015c8cd3a21d61d8,1.0
8a858e6c5c88d145015c8cf7a5e17156,1.0
8a858e6c5c88d145015c8fa5e8122270,0.0
8a858e6c5c88d145015c921ee70b6b4c,0.0
8a858e6c5c88d145015c96155c47559b,1.0
8a858e6c5c88d145015c964472ed5b2c,0.0
8a858e6c5c88d145015c97d3d7401cc4,1.0
8a858e6c5c88d145015c97ee34d02391,0.0
8a858e6c5c88d145015c9cd6d6224756,0.0
8a858e6c5c88d145015c9d177714659b,1.0
8a858e6c5c88d145015c9dd6f5d21b4b,1.0
8a858e6c5c88d145015c9e2125702448,1.0
8a858e6c5c88d145015ca0b1c8b17bd8,0.0
8a858e6d58b0cc520158b468f3507f9f,1.0
8a858e6d58b0cc520158b4bcc7f61ef2,0.0
8a858e6d58b0cc520158beeb14b22a5a,0.0
8a858e6d58b0cc520158bf39027938cf,0.0
8a858e6d58b0cc520158c8d1f12252d4,0.0
8a858e6d5b252065015b2fdbe1cd542c,0.0
8a858e6e55c554c20155c5731ae90d16,1.0
8a858e6f5668e01701567005bb5972cf,0.0
8a858e6f5668e017015670fc49be1dc7,0.0
8a858e6f5668e01701567d90922848d5,1.0
8a858e6f5668e0170156849effb35b01,1.0
8a858e6f5668e017015685eef7736a7d,0.0
8a858e6f5668e01701568b6b258b23d2,1.0
8a858e6f5668e01701568ca49e112c41,1.0
8a858e6f5668e01701568dc4c95e13d0,0.0
8a858e6f5668e01701568f255f051ac4,0.0
8a858e6f5668e017015692a82e0606e4,0.0
8a858e6f5a3744d4015a376ff0721081,0.0
8a858e6f5bce1023015bce19dbbf038d,0.0
8a858e6f5c120e66015c12a543a62da6,0.0
8a858e6f5cd5e874015cd6bbd4f83158,0.0
8a858e6f5cd5e874015cd6f5634c39ad,0.0
8a858e6f5cd5e874015cd9285d745cf7,0.0
8a858e6f5cd5e874015ce084c86e2a87,1.0
8a858e6f5cd5e874015ce14cb92b3f01,1.0
8a858e6f5cd5e874015ce379944d6751,0.0
8a858e6f5cd5e874015ce7931b330a91,0.0
8a858e705668e167015669c8cc67271a,0.0
8a858e705668e16701566f6b45c03059,1.0
8a858e705668e16701568d358c6579da,0.0
8a858e705b3a03c7015b3b10e6ae5eda,0.0
8a858e705b3a03c7015b3c16c087774f,1.0
8a858e705b3a03c7015b3ceed0d531fb,1.0
8a858e705b3a03c7015b3d6aac0b7eb2,1.0
8a858e705cb15527015cbfa1139f5368,0.0
8a858e705cb15527015cbfedf6807c3c,1.0
8a858e71570f2c6b01571f8552676a96,0.0
8a858e71570f2c6b01571fe3e60d0089,1.0
8a858e715bd3fa19015bd407028c0450,0.0
8a858e725c360240015c3710db1f3e44,0.0
8a858e725c3ae262015c3b08d771135e,0.0
8a858e725c3ae262015c3e74c7e52155,1.0
8a858e725c3ae262015c3e97e63a2b2b,0.0
8a858e725c3ae262015c3ea9a77430ea,1.0
8a858e725cf420fd015cf437db121438,1.0
8a858e735b86c5e6015b86ca110b0353,0.0
8a858e735c5a4bed015c5b4894e42483,1.0
8a858e735c5a4bed015c5d0ab47242fb,1.0
8a858e755c118bd7015c11bc925a17a2,1.0
8a858e765507208301550ad47dbd0a73,0.0
8a858e765507208301550b5cb3ae27bc,0.0
8a858e7655072083015512a46b441f9e,1.0
8a858e765507208301552107bcd95612,1.0
8a858e775b10631f015b1099fea22372,0.0
8a858e775c362114015c36a682ab27ad,0.0
8a858e775c362114015c3ac335ce7f57,0.0
8a858e775c362114015c3b3afefd3f2d,1.0
8a858e7855113fb70155241e8df50aba,1.0
8a858e7855113fb701552aa02f471edc,0.0
8a858e7858eeb5710159076ba8f91be6,0.0
8a858e785a53f8a6015a561b1aaf1610,0.0
8a858e785acd3412015acd48f4920d04,1.0
8a858e785c8d9167015c8fed39cf53ae,1.0
8a858e785c8d9167015c90a6e2c45e08,1.0
8a858e785c8d9167015c96e5c3f5091f,0.0
8a858e785c8d9167015c980c019936fd,1.0
8a858e785c8d9167015c9b45028c148d,0.0
8a858e785c8d9167015c9b7982962ea1,1.0
8a858e785c8d9167015c9c4faa701884,0.0
8a858e785c8d9167015ca05320ba6830,1.0
8a858e79568ec7de01568f358c252096,0.0
8a858e79568ec7de0156931b1c6d3ab0,1.0
8a858e795b204ffc015b20a20c631a0f,0.0
8a858e795b204ffc015b20af599b1c15,1.0
8a858e795b204ffc015b20b002161c85,0.0
8a858e7a56e509290156e53d504f1069,1.0
8a858e7a56e509290156f6ea4fca69d5,0.0
8a858e7b55deef140155e4ec2be045e7,0.0
8a858e7b55deef140155e500afb54cc6,1.0
8a858e7b55deef140155ecf0680c07df,1.0
8a858e7b55deef140155eef7677821d0,0.0
8a858e7c587f3319015882b4fa1a157a,0.0
8a858e7c588604a4015895a4d8541dea,1.0
8a858e7c588604a401589940135a58fd,0.0
8a858e7c5c78b1ff015c7cc02d010d60,1.0
8a858e7d5ab8ce17015abf6bc2b52ab6,0.0
8a858e7d5b591490015b59618de419b4,1.0
8a858e7e5b159af5015b16e181485f15,1.0
8a858e7e5c7cff8b015c7d09f3b005b9,0.0
8a858e7e5c7cff8b015c7d339f151aaa,0.0
8a858e8455f82b560155f960fac10f68,0.0
8a858e8455f96c1c0155f9d5ae7e0d97,0.0
8a858e8455f96c1c0155ffd6abe87fb5,0.0
8a858e865b48f46f015b494c22be4663,0.0
8a858e865b90b1a8015b90e497b3231b,0.0
8a858e865c1b00d9015c1b4a546d2814,1.0
8a858e875b1f7615015b1f9105b418af,0.0
8a858e875b910dfe015b9a75f78739f7,1.0
8a858e875b910dfe015b9b598dfc49c5,0.0
8a858e875b910dfe015b9ef45d487dd4,0.0
8a858e875c63d395015c6472a8f34fa7,0.0
8a858e875c63d395015c65308d640c0f,1.0
8a858e875c63d395015c6f115be54028,1.0
8a858e875c63d395015c72a2984d79c5,0.0
8a858e875cfa37f5015cfce9bc3a3abb,1.0
8a858e875cfa37f5015cfcea6f7e3b36,1.0
8a858e875cfa37f5015d0d0f292e04c9,0.0
8a858e875d3c4046015d3c4c537403c6,0.0
8a858e885ab85d06015ab89b8b3e2f1b,1.0
8a858e885b68546c015b70bc09dd7ad1,1.0
8a858e885b68546c015b7238f22027ba,1.0
8a858e885b68546c015b757f4a705633,1.0
8a858e885b68546c015b75aa90485958,1.0
8a858e885b68546c015b75d138885cee,1.0
8a858e885b68546c015b7ea654f32b1d,1.0
8a858e885c63d379015c686565a0408f,1.0
8a858e885c63d379015c6cccc09b5b7a,1.0
8a858e885c63d379015c73df54dc0822,0.0
8a858e885c87dee5015c881f237f214b,0.0
8a858e885c9c6f96015c9e2403c32687,1.0
8a858e8a5c1c14b8015c2068cc9d6428,0.0
8a858e8b5bc9e7e6015bcd7374077f0c,0.0
8a858e8b5bc9e7e6015bcd7b7ee305b9,0.0
8a858e8c5d37e319015d387c0a7f1de8,0.0
8a858e8c5d37e319015d3bac80e24f51,0.0
8a858e8d56adbdae0156b30248fe3104,0.0
8a858e8d56b784480156b8dfa2c27373,1.0
8a858e8d56b784480156c16a09706bd5,1.0
8a858e8d56b784480156c5f1019357de,1.0
8a858e8d56b784480156c74508a36a02,0.0
8a858e8d56b784480156d556a42862f5,0.0
8a858e8d5c35bc85015c36001c1a1ff2,1.0
8a858e8d5d41c5fd015d421a1e762278,0.0
8a858e8d5d41c5fd015d45762a6400db,1.0
8a858e8e58f6d66f0158fd7ee9af731f,0.0
8a858e8e58f6d66f015904a859fd5589,1.0
8a858e8e59bbadf50159c0b7158944e0,1.0
8a858e8e59bbadf50159c61ebd527a05,1.0
8a858e8e5ca1f1a8015ca2188ba013ca,0.0
8a858e8e5ca1f1a8015ca24da25735e3,0.0
8a858e8e5ca1f1a8015ca61b2fca6f31,1.0
8a858e8e5ca1f1a8015ca6a8cfcb31f4,0.0
8a858e8f5d41c974015d4529ae0f1220,0.0
8a858e8f5d41c974015d464347443fae,0.0
8a858e9059ff9e79015a0246bf7c4f02,1.0
8a858e905a8fc7af015a903b5fb63073,0.0
8a858e905b47e117015b47efdc460bbc,0.0
8a858e905bf2fa58015bf676bbf639a1,0.0
8a858e9156e137c60156e5e9f9d85b38,0.0
8a858e9156e137c601570163db4358c9,1.0
8a858e9156e137c6015705964f291996,0.0
8a858e9156e137c601570b2f414c4258,1.0
8a858e9156e137c601570b4d23a949fc,1.0
8a858e935b496584015b4dea69253842,0.0
8a858e935b8c1bc9015b8faf9fd16043,0.0
8a858e935cd522f5015cd52dfd3f0936,1.0
8a858e935cedfe55015cee23feae1e84,0.0
8a858e945631db2f015637e7700e4e60,0.0
8a858e94580afa7901581b3d4fc60798,0.0
8a858e94580afa7901581f3d9ca72ad9,1.0
8a858e945bb0014b015bb526a9584a2d,1.0
8a858e945bee08de015bee107c0a034d,0.0
8a858e945bee08de015bee8f994f3026,0.0
8a858e945bee08de015bf07771ce6245,1.0
8a858e945bfdb9e7015c02e0fdb0488b,0.0
8a858e945bfdb9e7015c0b334ac868eb,0.0
8a858e945bfdb9e7015c0cbdf40d05b6,0.0
8a858e955631db4401563ca4a4b03287,0.0
8a858e955add2971015addaaea8c1d86,1.0
8a858e955add2971015addf0bf9623ee,0.0
8a858e955add2971015ae0db3b3a00cf,1.0
8a858e955add2971015ae0fb8d6807d9,0.0
8a858e955add2971015ae83a40df7a76,0.0
8a858e955cf51403015cf88251eb3019,0.0
8a858e955cf51403015cf8be51125400,1.0
8a858e965b5e1b91015b60d410a170e9,0.0
8a858e975aec3bc1015aed6218ec0220,1.0
8a858e985885ff6d01588be6bd961528,0.0
8a858e985885ff6d0158a07e0740204d,1.0
8a858e985a413242015a41421a640b17,0.0
8a858e985ccb51e8015ccf5370fe5128,1.0
8a858e995bfc46c6015bfcda377e4b6e,0.0
8a858e995ccb5414015ccc4147cb4bc8,1.0
8a858e9b560bbd63015611d6c90f0f5f,1.0
8a858e9b560bbd6301561e50ee830cbd,1.0
8a858e9b560bbd6301562203e6357977,0.0
8a858e9b56237632015626314c1a2a42,1.0
8a858e9b562dc74801562f4b84e3106d,1.0
8a858e9b5972b8ec015974526b2b5b25,1.0
8a858e9b5a195041015a1a7d86c7564f,0.0
8a858e9b5a61655b015a61e631833c3e,0.0
8a858e9b5a69f076015a69fd874304e1,0.0
8a858e9b5b47ecc1015b4810b9de1ab0,1.0
8a858e9b5bcf8546015bcfaf5b680756,1.0
8a858e9b5bcf8546015bcff969fd0f8f,0.0
8a858e9b5bcf8546015bd34d1f801a05,0.0
8a858e9d59e0997b0159eae2e4fa7611,0.0
8a858e9d5bfd7037015bfd9fe4ec0ed7,1.0
8a858e9d5bfd7037015bfdab79f61305,1.0
8a858e9d5bfd7037015c00c981e8766e,1.0
8a858e9d5bfd7037015c02983b964527,1.0
8a858e9d5bfd7037015c07cdd6f1278d,0.0
8a858e9d5bfd7037015c0b68f69113ba,1.0
8a858e9d5bfd7037015c0dc3a27c6d93,0.0
8a858e9d5bfd7037015c108764345649,0.0
8a858e9e5b1f064e015b1f1aae1f11d1,0.0
8a858e9f59d692440159da2c60b42106,0.0
8a858e9f59d692440159da7307f4464e,1.0
8a858ea059cb30e40159cbb939584b95,1.0
8a858ea15c884829015c8c27adb903b4,0.0
8a858ea3556609560155775d89496cd5,1.0
8a858ea35a549d49015a5abfb27523a1,0.0
8a858ea35b1f6798015b1fba337d412a,1.0
8a858ea35d2d2f62015d303436a80590,1.0
8a858ea4582fcdc801583359de3754df,1.0
8a858ea45b35639b015b356cbf34033a,1.0
8a858ea45b35639b015b3712616e2d5f,0.0
8a858ea45b35639b015b38bc0dd21bd8,1.0
8a858ea45bd88d04015bd89004950162,0.0
8a858ea555d9e6020155de8c81a63a1d,0.0
8a858ea555d9e6020155ed7936d6469b,0.0
8a858ea555d9e6020155efaba6540a82,0.0
8a858ea555d9e6020155f60b676343b3,1.0
8a858ea55ab92cff015abd32e1105b48,1.0
8a858ea55ab92cff015abeac4bdb7255,0.0
8a858ea55ab92cff015abff180597ac7,1.0
8a858ea55ab92cff015ac0bca23f7dc2,0.0
8a858ea55ac1546c015ac2b3547711f0,0.0
8a858ea55b58f026015b5c07521824eb,0.0
8a858ea55b58f026015b5c11ad2e2dd2,1.0
8a858ea75ba01fdf015ba0a2a764405d,0.0
8a858ea75ba01fdf015ba4313c283d37,0.0
8a858ea75cef5535015cf2aa1846310b,0.0
8a858ea8580b1fee015814d9ce7f41ec,0.0
8a858ea85c58de66015c594fe5612ddb,1.0
8a858eaa55a0b8ae0155c7152bd3607e,1.0
8a858eaa55a0b8ae0155ca0b3ad43640,0.0
8a858eaa5bed957a015bed9d7eae048b,1.0
8a858eab5cf9c4c8015cfa60fae235fd,1.0
8a858eab5cf9c4c8015d030ef0336efa,0.0
8a858eab5cf9c4c8015d034b5561731d,0.0
8a858eab5cf9c4c8015d03737a977738,1.0
8a858eab5cf9c4c8015d094a5d9036d5,0.0
8a858eac59b14c020159b1c6a26a5569,0.0
8a858eac59b758220159b7901c69174c,1.0
8a858eac5ad81473015ada3690354aac,1.0
8a858eac5ad81473015adb5e13740d62,1.0
8a858eac5ad81473015adb8fd64e2636,0.0
8a858eac5b3ece95015b3f32ac426a41,1.0
8a858eac5c451942015c469f4e8c1312,0.0
8a858eac5c451942015c4a8f0ec6028c,1.0
8a858eac5c451942015c54fdbff96c8b,1.0
8a858eac5c451942015c58ac70523824,1.0
8a858eae5c356262015c3575c5b40c22,0.0
8a858eaf570f3a0a01571e342bb40617,1.0
8a858eaf5800dcbe01580628f255795f,0.0
8a858eb05800dd6201580acff9ed0c96,0.0
8a858eb05ab84ca7015ab86b95711634,0.0
8a858eb05d2d1297015d317c118f380e,0.0
8a858eb25b5d2e82015b5d60ec623bec,1.0
8a858eb35c5f4a42015c627e39b60d6a,0.0
8a858eb35c5f4a42015c6371c0486a4d,0.0
8a858eb456e0b9490156fc26f9c434df,0.0
8a858eb456e0b9490156fc567e5737d9,1.0
8a858eb456e0b9490157008699270938,1.0
8a858eb4588604f70158863ec5720ce8,0.0
8a858eb4588604f701589b300e2768ee,0.0
8a858eb45c11f9e4015c1221c18d103f,1.0
8a858eb45c11f9e4015c155381857c47,1.0
8a858eb554d4ccaf0154dcf634184f6e,1.0
8a858eb554d4ccaf0154de19c1281f9d,1.0
8a858eb55b24c7b8015b24d6095c0c46,0.0
8a858eb55d8a047e015d8b0387e85794,0.0
8a858eb65b19b654015b19d9d5aa1ba1,1.0
8a858eb65c3b3074015c3f96cf8c3fad,0.0
8a858eb65c3b3074015c40de35080a99,1.0
8a858eb65c3b3074015c441b25e37f6e,1.0
8a858eb75c21a2b9015c24d4d3203a06,1.0
8a858eb75c21a2b9015c27074d841304,1.0
8a858eb75c21a2b9015c2aff4a5f448a,0.0
8a858eb75c21a2b9015c2b5a48ba4a1e,1.0
8a858eb75c21a2b9015c310ae7325a77,1.0
8a858eb75d324d55015d362d07c73dca,1.0
8a858eb858b1a6d20158b90ccf8a1298,0.0
8a858eb85cef9327015cefb8167a1dfe,1.0
8a858eb85cef9327015cf30509cf2230,1.0
8a858eb85cef9327015cf3a643af0628,0.0
8a858eb95591bf0001559220e85e1b16,1.0
8a858eb95591bf000155939bbc8954b9,0.0
8a858eb95591bf00015598cf72920b31,0.0
8a858eb95591bf0001559ad37247195d,0.0
8a858eb95a8f9e4c015a91f3f9dc6d7a,1.0
8a858eb95b3ed48c015b3f2be5056fcd,1.0
8a858eb95b3ed48c015b4034cc273ab2,0.0
8a858eb95b8c2f6e015b8d4b02c83e7e,0.0
8a858eba5591bf2801559680580a1f9e,0.0
8a858eba5591bf2801559684235d225f,0.0
8a858eba5591bf28015596e245a341ea,1.0
8a858eba5591bf280155987d3c73182f,1.0
8a858eba5b681df4015b6d5c3c7b59b3,0.0
8a858eba5b681df4015b70b3ca8b0f4c,0.0
8a858eba5b681df4015b7c3d810c05ff,0.0
8a858eba5b681df4015b7ff8ae967c76,1.0
8a858eba5c884d2a015c887b946e2236,1.0
8a858eba5c884d2a015c89bb147c054e,0.0
8a858eba5c884d2a015c8d20bd55732a,0.0
8a858eba5c884d2a015c8d36d3fd0056,1.0
8a858eba5c884d2a015c91134a6222d8,0.0
8a858eba5c884d2a015c9528bd4f239b,1.0
8a858eba5c884d2a015c959cafd52be5,0.0
8a858eba5c884d2a015c9795b92e7801,0.0
8a858eba5c884d2a015c9c11f8233e98,0.0
8a858ebb5adce699015adea5d5ae51b3,1.0
8a858ebb5adce699015ae18330e817da,1.0
8a858ebb5adce699015ae2ee1d0c334d,1.0
8a858ebb5aeb0312015aeb2fc1582084,1.0
8a858ebc572e1e3a01572fa91eca67b7,0.0
8a858ebc5ac70dbe015ac734d3061e8b,1.0
8a858ebc5b43210a015b4326f173080e,1.0
8a858ebc5b48cbd0015b48cd84ac03ba,1.0
8a858ebc5bd450fe015bd5375abb3175,0.0
8a858ebd590802ef0159083a61e90bbb,0.0
8a858ebd590802ef01590e00992f511e,0.0
8a858ebd5b254c8b015b25ac90581db3,0.0
8a858ebd5b254c8b015b2ebaaf2652a7,1.0
8a858ebd5b254c8b015b2f8ebbc96477,1.0
8a858ebd5b254c8b015b2fd8dafc7cee,1.0
8a858ebd5b254c8b015b30e464503bb2,0.0
8a858ebe5908030101591c4e795f7484,0.0
8a858ebe5908030101591d56673a3213,1.0
8a858ec05a4c05f2015a4c434c7220ac,1.0
8a858ec05a9535db015a9b7e03650141,0.0
8a858ec05a9535db015aa2ab23c10d1e,1.0
8a858ec05ba5ca1d015bae4081105e57,0.0
8a858ec15a3d5e6a015a3e959d4547ed,1.0
8a858ec15b483ae3015b485358b30f89,1.0
8a858ec3579655fa015796d4a7f20a25,0.0
8a858ec358dc5c130158e4df91a874b9,0.0
8a858ec358dc5c130158e86849701295,0.0
8a858ec358dc5c130158ea2c46c124be,1.0
8a858ec358dc5c130158f9d80a236ac7,0.0
8a858ec45577f83e01557c9d42d31c88,0.0
8a858ec45577f83e01557f8138b426a2,0.0
8a858ec555f96a9a0155fdc921c70107,1.0
8a858ec555f96a9a015600fbe3bd7f24,1.0
8a858ec559dbb41a0159df903f87302e,1.0
8a858ec55b441639015b444e78b7361f,1.0
8a858ec55b441639015b4496fd5e581e,1.0
8a858ec55b441639015b479a5bac102b,0.0
8a858ec55ca7919d015cab70e8954f34,0.0
8a858ec655f96b320156047265df266d,0.0
8a858ec655f96b320156071dd95b4be0,1.0
8a858ec6560bc09801561cbec2c77a45,1.0
8a858ec65c123dfb015c150e513455db,1.0
8a858ec65c123dfb015c1655b29255f1,1.0
8a858ec65cc6352b015cc9e4d1a71bf1,1.0
8a858ec65cc6352b015ccb395a392d32,0.0
8a858ec75bfd77c4015bfda14bd40a20,1.0
8a858ec75bfd77c4015bfda9291a0e1e,1.0
8a858ec75bfd77c4015c00a857466368,0.0
8a858ec75c11a07a015c16a2289b4fa7,1.0
8a858ec9590ad35d01592685afd83a7a,1.0
8a858ec9590ad35d01592b20868f2736,0.0
8a858ec9590ad35d0159440bfe67201a,1.0
8a858ec9590ad35d01594951f86d3fd1,1.0
8a858ec959f3d0320159f411f586198d,1.0
8a858ec95aa84d3c015aa851aaf302d3,0.0
8a858ec95afc0922015afc24b669093f,1.0
8a858ec95afc0922015aff4399e77a12,1.0
8a858ec95afc0922015aff7d927011fb,0.0
8a858ec95afc0922015affaaf5992c1a,1.0
8a858ec95afc0922015b080cc25e41f8,0.0
8a858ec95afc0922015b09a286634c26,0.0
8a858ec95afc0922015b0edc17e34984,0.0
8a858ecc57b9184b0157ba61dab46cbc,1.0
8a858ecc57b9184b0157bd7491b650ec,1.0
8a858ecc57b9184b0157c4ffc1b80614,1.0
8a858ecc5aa30451015aa42f76320bc7,0.0
8a858ecc5d3c809e015d3d8cdb0e4e76,0.0
8a858ecd57b919a70157c8398b5d5300,1.0
8a858ecd5b81e1a6015b823c01ee2725,1.0
8a858ece5862630201586bddffed6e88,1.0
8a858ece5b0142e3015b045f5849587e,1.0
8a858ece5b0142e3015b05df0b13096f,0.0
8a858ece5b0142e3015b0a3a7f183339,1.0
8a858ece5c88b58b015c8cc6fb1660ac,1.0
8a858ece5cd05041015cd14579177593,0.0
8a858ece5d1e42c3015d235334ba7683,0.0
8a858ece5d1e42c3015d25eb4ac011d9,0.0
8a858ece5d1e42c3015d2932d79e6781,1.0
8a858ed158f3044d0158f9d167153599,0.0
8a858ed158f3044d0158fca3eea0698e,1.0
8a858ed1594a282f0159559953d13d0e,1.0
8a858ed25b1b19eb015b1db705be3e05,0.0
8a858ed25baac424015baaeed0191571,1.0
8a858ed25bf83782015bf8d4e8d73474,0.0
8a858ed25bf83782015bfb706c897db3,0.0
8a858ed25bf83782015bfb7756f4006e,0.0
8a858ed35aec4221015aef98c80b776d,1.0
8a858ed35cc5ce51015cc5f0774411a6,1.0
8a858ed35cd57328015cd582fc530a4a,0.0
8a858ed457e2e6960157f65462117d64,0.0
8a858ed45c454c11015c45bcf57039dc,0.0
8a858ed45c454c11015c4c55a35d4ce0,0.0
8a858ed45c454c11015c4dc59100572d,1.0
8a858ed45c454c11015c4e40f6f7640e,1.0
8a858ed45c454c11015c4e4b4559656a,1.0
8a858ed45c454c11015c505b357c147d,0.0
8a858ed45c454c11015c520ab8602f15,0.0
8a858ed45c454c11015c53de37e71789,1.0
8a858ed45c454c11015c57f3d8154215,0.0
8a858ed55844707601584dfb865e3284,0.0
8a858ed55bafadc7015bafae85d5004d,0.0
8a858ed55c63db54015c68298dce5e26,1.0
8a858ed55c63db54015c6e0859c72f24,1.0
8a858ed55c63db54015c6f9d253b5be9,0.0
8a858ed65bd3a65c015bd3e9a0ff2664,1.0
8a858ed75732b681015733b076635f39,0.0
8a858ed75732b68101574cf214582d48,1.0
8a858ed75732b68101574d1614f23803,1.0
8a858ed75bb64559015bc2d5fd306eaf,0.0
8a858ed75bb64559015bc5722032662e,0.0
8a858ed95cc5bd6b015cc5e4371b13ee,0.0
8a858eda552adcc201552ebf8deb74ce,0.0
8a858eda552adcc2015548f0eb523fc3,0.0
8a858eda552adcc201554a43790937ed,0.0
8a858eda552adcc201554f11a0100294,1.0
8a858eda552adcc201555d5b88396bcf,1.0
8a858eda5984353b01598957192919d7,0.0
8a858eda5c8863ff015c88f52dcb33fd,1.0
8a858eda5c8863ff015c8a0c1f1f528a,1.0
8a858eda5c8863ff015c91c76ef763c5,1.0
8a858eda5c8863ff015c959eef8a4678,0.0
8a858eda5c8863ff015c96bd0ee76a88,1.0
8a858eda5c8863ff015c96c523266b34,1.0
8a858eda5c8863ff015c9d9e30427a65,1.0
8a858eda5c8863ff015ca085bbe55038,1.0
8a858eda5c8863ff015ca0c606e96219,0.0
8a858edb552adcfd015531bdc5371d37,1.0
8a858edb552adcfd015548d747e725f7,1.0
8a858edb5a70bfe0015a760bb8e321a1,0.0
8a858edb5a70bfe0015a7c3c68d16980,0.0
8a858edb5bd936e4015be7eb350a0dfb,0.0
8a858edc554f009d015557f60de97583,1.0
8a858edc59e0d8f70159eba2590759b5,0.0
8a858edc59ee87640159eeb9774f1aa7,1.0
8a858edc5c7e7da5015c7ea42f010ac2,1.0
8a858edc5c7e7da5015c8166e88960b4,1.0
8a858edc5ceea2e6015ceea77c5c0300,1.0
8a858edd57f790040157ffe9b6ed3fbb,1.0
8a858edd5c8348c4015c8452bc364cd7,1.0
8a858ede57f78f520157fcfdcb4f1091,0.0
8a858ede5ca210f0015ca2d7fd614d59,0.0
8a858ede5ca210f0015ca32170645e53,0.0
8a858ede5ca210f0015ca340de706114,1.0
8a858ede5ca210f0015ca65716f777d7,0.0
8a858ede5ca210f0015ca65c957e7a59,0.0
8a858edf55ca17ba0155cbfdd5f3610e,1.0
8a858edf55ca17ba0155d87b4f525cf9,0.0
8a858edf55ca17ba0155de9a93fd4b4b,0.0
8a858edf57f78fed0157fdd279342ccf,1.0
8a858edf594a45ed01597ad745966db1,0.0
8a858edf5c69a538015c6a1a35b11a71,0.0
8a858edf5c69a538015c78ef1f506bd2,1.0
8a858edf5c69a538015c795c0a0f0baf,0.0
8a858edf5c69a538015c7a94c4014429,0.0
8a858edf5c69a538015c7c1bcda868dc,1.0
8a858ee055ffbe17015607e67cec57e9,0.0
8a858ee055ffbe1701560850839a7c49,1.0
8a858ee0560bc07701560e3c10544572,0.0
8a858ee0560bc0770156123f4bb26fc7,0.0
8a858ee0560bc07701561391bb845623,0.0
8a858ee0560bc0770156196630ee2e35,1.0
8a858ee0560bc07701561d3b978b4831,0.0
8a858ee0564adc5001564ff69988109d,0.0
8a858ee0564adc5001565b13d2465aea,1.0
8a858ee0564adc5001565b3821f86627,1.0
8a858ee05a6b7d75015a6c9816c25449,1.0
8a858ee05a6b7d75015a6eda09eb0502,0.0
8a858ee05a6b7d75015a6f9509d049af,1.0
8a858ee1578e399501579186cb2d6283,1.0
8a858ee25b34d796015b380aa54b5f73,0.0
8a858ee25b34d796015b387bdfb9477f,0.0
8a858ee25b874ecc015b883ecf2f38d8,1.0
8a858ee25b874ecc015b88b064453ef7,1.0
8a858ee25b874ecc015b8a4d26917f4c,0.0
8a858ee25ca1a0f9015ca1c488821488,1.0
8a858ee25ceeabba015ceec74ea50f9a,0.0
8a858ee45a1e6afb015a21cf92450c11,1.0
8a858ee45a22cbec015a23631b0c46cf,0.0
8a858ee45a22cbec015a23e5a4020a26,0.0
8a858ee45b39aa80015b3b3933c2121e,1.0
8a858ee45b39aa80015b3d8b581e6281,1.0
8a858ee45b62dadc015b62fedecd1b56,0.0
8a858ee45b62dadc015b660294b5292e,1.0
8a858ee45b8c041c015b8fe6cc4f01d2,0.0
8a858ee45beda286015befb09fca0d6f,0.0
8a858ee55830c4b90158337542ab18a1,0.0
8a858ee55c830000015c8307702b03dc,0.0
8a858ee55c830000015c84c6a8681828,1.0
8a858ee55c830000015c867880563fc3,0.0
8a858ee55cb156e6015cb63f19146515,1.0
8a858ee55cb156e6015cb65fb1926ae0,0.0
8a858ee55cb156e6015cbb32a2cf1f7b,1.0
8a858ee55cb156e6015cbf58b7d50810,0.0
8a858ee55cb156e6015cc0454bef7c77,1.0
8a858ee55cb156e6015cc16bd9852bb8,1.0
8a858ee55cb156e6015cc4b89a14412a,1.0
8a858ee65be8d42d015bec21e37e1f59,0.0
8a858ee755a0c84a0155a77bd775235f,1.0
8a858ee755a0c84a0155b7028fea49b6,1.0
8a858ee755a0c84a0155bf1b6a02583e,0.0
8a858ee755a0c84a0155c0c075543408,1.0
8a858ee758b4c54a0158b7b47c784cda,0.0
8a858ee75afc09f4015b003afc7010b1,0.0
8a858ee75afc09f4015b01127fe924ad,1.0
8a858ee9587f44aa01588138339b0769,1.0
8a858ee9587f44aa0158819464010aa4,1.0
8a858eea5a232d51015a249796171e39,0.0
8a858eea5a232d51015a24ed254c22de,1.0
8a858eea5a28c38d015a2e1c849c2e82,1.0
8a858eea5d1d99d3015d21a1ab3c17ff,0.0
8a858eea5d1d99d3015d2729731b142b,0.0
8a858eea5d1d99d3015d27a2a7f62335,0.0
8a858eea5d1d99d3015d2cbec08b2a24,0.0
8a858eec5aaf010c015ab23a55167a3a,1.0
8a858eec5ca21dcb015ca3824cdb63b2,0.0
8a858eec5ca21dcb015ca463b66a6f36,0.0
8a858eec5d4232a5015d4623cd0a048b,0.0
8a858eec5d4232a5015d4fbcfe6414ea,0.0
8a858eed5756fb0e01575e24e900478d,1.0
8a858eed5a42df95015a45ef0d86723f,1.0
8a858eed5a476a3c015a47967d2e18f3,1.0
8a858eed5a476a3c015a48d4049172e3,0.0
8a858eed5af07cc4015af0cc483126df,1.0
8a858eed5af07cc4015af10da7565173,0.0
8a858eee5872716901587644c4391794,1.0
8a858eee58727169015877060b15540c,0.0
8a858eef555489050155675e193f77f7,0.0
8a858eef5554890501556d6c58e46b34,0.0
8a858eef5554890501556dcff6f9065f,1.0
8a858eef55548905015572d00b966315,0.0
8a858eef55548905015574ae2dcb526f,1.0
8a858ef05c63d3b5015c6493de755e63,1.0
8a858ef05d0edf64015d12894b9a4f4b,0.0
8a858ef255c55fd60155c738de611535,1.0
8a858ef255c55fd60155c8f865611d5e,0.0
8a858ef255c55fd60155daa40f514312,1.0
8a858ef258d4a48b0158e9fb404a4f72,0.0
8a858ef25c8393f8015c83fa6fe71cbc,0.0
8a858ef25c8393f8015c86783932595b,0.0
8a858ef25c8393f8015c873e2c443d27,0.0
8a858ef25cd0c652015cd2107ef43653,1.0
8a858ef25cd0c652015cd46515a128be,1.0
8a858ef358d4a48e0158d50224cb12c5,1.0
8a858ef358d4a48e0158e97fe129792e,0.0
8a858ef358d4a48e0158ee3dafd51a43,0.0
8a858ef35d0cff86015d0d51923d2548,0.0
8a858ef458d4a52e0158f30caade579c,1.0
8a858ef4598857710159898caf3b44f8,0.0
8a858ef45bcf0c76015bd27a6eed6adc,0.0
8a858ef45be99ccb015bea1e47041821,1.0
8a858ef45be99ccb015bebccaa063f88,0.0
8a858ef45be99ccb015bec00e8ff5383,0.0
8a858ef55a46c7c8015a471ac5753f02,1.0
8a858ef55a46c7c8015a47574114741c,0.0
8a858ef7597cf4c501597e2416f907aa,0.0
8a858ef7597cf4c5015982645c3773d3,0.0
8a858ef75b43fc73015b44be6f14622d,0.0
8a858ef85a613c85015a65f7d2321d4f,1.0
8a858ef85a613c85015a684e546a4e82,0.0
8a858ef85cf93896015cf996a0a53980,0.0
8a858ef85cf9e152015cfa4236fd2670,0.0
8a858ef85cf9e152015d04fcfbc31f17,1.0
8a858ef85cf9e152015d08e74fc66452,0.0
8a858ef957365d52015751a2082e3103,1.0
8a858efa5b444739015b44d221873c11,0.0
8a858efa5c646292015c784893a301ed,0.0
8a858efb54ccb4820154cd9bf5382fba,1.0
8a858efb54ccb4820154cdc92e2239fc,1.0
8a858efd5b39cf3d015b3abcd18774ef,0.0
8a858efd5b39cf3d015b3cb3b3882cc7,0.0
8a858efd5ca70688015ca7128fa305bd,1.0
8a858efd5ca70688015caa9a7fda3370,1.0
8a858efd5ca70688015caae5f9275628,0.0
8a858efe5a408737015a411807b52fef,0.0
8a858efe5bca0a81015bcafa92f72787,1.0
8a858eff55a090650155a13892552a0b,1.0
8a858eff55a090650155b0cbb1c8506e,0.0
8a858eff55a090650155c091410641dc,0.0
8a858eff5b393484015b3944320810f3,1.0
8a858f0056b7cf8e0156b85b93c039aa,1.0
8a858f0056b7cf8e0156b8918d424613,0.0
8a858f0056b7cf8e0156bbeefc4933cc,1.0
8a858f0056b7cf8e0156bd17f476237d,0.0
8a858f0056b7cf8e0156c10ef5725adc,0.0
8a858f0056b7cf8e0156c14b37d37121,1.0
8a858f0056b7cf8e0156c212dddd3f13,0.0
8a858f0056b7cf8e0156c21e03304536,0.0
8a858f00590ac4e70159170bde1b1880,0.0
8a858f00590ac4e701592b042a0e2816,1.0
8a858f00590ac4e70159320caa4a190c,1.0
8a858f00590ac4e7015941db231908f6,1.0
8a858f005a04ae6e015a09f0358b20da,1.0
8a858f005b396e23015b397635140a37,1.0
8a858f005b396e23015b3977901b0c51,0.0
8a858f005b396e23015b397ce2dc1159,0.0
8a858f005b396e23015b3995995732bc,1.0
8a858f005cc5df15015cc5eb75d00970,0.0
8a858f015d66186b015d75096a420eca,1.0
8a858f025a1e7e0c015a1f38bb824bd3,1.0
8a858f03582604ff01582a09d5a32c12,1.0
8a858f045556eaa4015558e0c68b60cc,0.0
8a858f045556eaa4015567f7595b3f4f,0.0
8a858f045556eaa4015568356b2d414c,0.0
8a858f045556eaa401556dd7346663fc,1.0
8a858f0455d9feaf0155de3652a42b81,0.0
8a858f0455d9feaf0155e3e801326320,0.0
8a858f0455d9feaf0155ea840c8f410a,0.0
8a858f0455d9feaf0155ee2126024371,0.0
8a858f0455d9feaf0155f230b2e1680f,1.0
8a858f0455d9feaf0155f24e3cb568e6,1.0
8a858f0456511c94015651c1558f35f1,0.0
8a858f0456511c9401565c13d32936fb,1.0
8a858f045bab240c015bab4f47fe14dd,0.0
8a858f045bab240c015baf9e44646d76,0.0
8a858f045bc9690c015bca251e9a4e95,0.0
8a858f045bc9690c015bca51755455a1,0.0
8a858f045c108b7c015c109f13660832,0.0
8a858f055b15b8d3015b164758eb3a24,0.0
8a858f055b15b8d3015b168707084a4b,1.0
8a858f055b15b8d3015b16aac9694e88,1.0
8a858f055c831d5b015c838a80832e28,1.0
8a858f055c831d5b015c8494b1046178,1.0
8a858f055c831d5b015c87192bf35ab2,0.0
8a858f055d0e3d8c015d0fecbb167722,0.0
8a858f0656b7820c0156c1675caf6f38,0.0
8a858f0656b7820c0156c64dbb2f05f3,1.0
8a858f0656b7820c0156c92ca3ba436f,1.0
8a858f065b1fe50a015b200b42462585,0.0
8a858f065b1fe50a015b201d16f43102,0.0
8a858f065b1fe50a015b20ca1b6776de,1.0
8a858f065b1fe50a015b20ecfb9c00b0,1.0
8a858f075b58beb8015b5bd409ec3cdc,0.0
8a858f075cee6786015ceeb680a533f4,0.0
8a858f08582a51bc01582a7123560822,1.0
8a858f08582a51bc01582e506db60fd7,1.0
8a858f085a477386015a47fb049e49ca,1.0
8a858f085a477386015a488df8db7111,0.0
8a858f085b494826015b4982ca1f1a0c,0.0
8a858f085b494826015b4995aaf8215d,1.0
8a858f085b494826015b49a5957a252e,1.0
8a858f085b494826015b4cfa0afe0f9e,0.0
8a858f085b494826015b54a0b2a1093b,1.0
8a858f085bcf44be015bd31798a22475,1.0
8a858f085cf4e173015cf7d609e2007a,0.0
8a858f095c3b2c30015c3cb53f584d24,1.0
8a858f095c3b2c30015c43f7ca9a3d94,0.0
8a858f0a56d3ed1f0156d55f4623244c,0.0
8a858f0a56ffda56015709a71f9c02c7,1.0
8a858f0a56ffda56015709b8507a0abb,1.0
8a858f0a5ad6757c015ad6d4c20e46a2,0.0
8a858f0a5bf2ed17015bf34ffdf132c9,1.0
8a858f0a5bf3716c015bf38c723c0aee,1.0
8a858f0a5bf3716c015bf411533c2f1b,1.0
8a858f0a5bf3716c015bf60d479e6efd,0.0
8a858f0a5bf3716c015bf74698ab0964,0.0
8a858f0a5bf3716c015bf74ec5a60dc8,0.0
8a858f0b5b5ddd79015b5f63003e7750,1.0
8a858f0b5b5ddd79015b6151e45702f7,0.0
8a858f0b5c595029015c598f160d2495,1.0
8a858f0c57d3fe8e0157dcc488084992,0.0
8a858f0c5ca18b3d015ca194f4a60867,1.0
8a858f0c5cc68025015cc6e912161dc0,0.0
8a858f0c5cc68025015cc7706f0d31b7,0.0
8a858f0c5cef4be2015cf091fdad6659,0.0
8a858f0c5cef4be2015cf266791a0b01,0.0
8a858f0d58a18ebc0158a9bf124b5a30,0.0
8a858f0d58a18ebc0158b0ec239828b8,1.0
8a858f0d5a859ac0015a859b8f0c0095,0.0
8a858f0d5a859ac0015a868626a85d8c,0.0
8a858f0e5a6171ba015a648137c361bc,1.0
8a858f0f5bfd79d2015c0160587e37cf,0.0
8a858f0f5bfd79d2015c029412b86494,1.0
8a858f0f5bfd79d2015c0331ce3378fe,0.0
8a858f0f5bfd79d2015c057f0bc11b19,0.0
8a858f0f5bfd79d2015c08207d265627,0.0
8a858f0f5bfd79d2015c0c2370d436a1,0.0
8a858f0f5bfd79d2015c0d5202e15752,0.0
8a858f0f5d1df2ad015d219c38c87827,1.0
8a858f105a4ed440015a51ffebd57187,1.0
8a858f105a4ed440015a5ba5ab1f3ca0,0.0
8a858f105b433879015b43452276104f,0.0
8a858f115cea8545015ceb7bb25437cb,0.0
8a858f115cea8545015cee54a7486425,1.0
8a858f125c5f88b1015c62b300050e57,1.0
8a858f13556665aa01556c9c75863a6d,1.0
8a858f13556665aa01556d98b4ca0d1d,0.0
8a858f13556665aa0155727a1c73511c,1.0
8a858f13556665aa01557337c12412fc,1.0
8a858f1358b9f0740158ce1285e272cc,1.0
8a858f1358d4ac270158d995e64634b8,0.0
8a858f1554e294490154e2f7ce342b18,1.0
8a858f1554e294490154e74dde675366,0.0
8a858f1554e294490154f1aed36c042f,1.0
8a858f1554e294490154fce5bc2f6140,1.0
8a858f1554e29449015500bf86eb0ecd,1.0
8a858f1554e29449015500deb58f1653,1.0
8a858f1554e29449015505ceef786df0,1.0
8a858f155554552501555540a44f2fc8,0.0
8a858f15555455250155599a5f7a5dc1,1.0
8a858f155554552501555e01e57a0269,1.0
8a858f15555455250155640248702794,1.0
8a858f155b38a417015b38be6a8826ce,1.0
8a858f155cee6b2a015cee768c910880,0.0
8a858f165af6a783015af6d939671ccc,0.0
8a858f165bf7b5ca015bf7b8e30e0199,0.0
8a858f165c1c22df015c20a6b4162cc3,0.0
8a858f185ab8e4e5015abd46660a35ef,1.0
8a858f185ac156d7015ac34782ae1523,1.0
8a858f185b390ca6015b3911a4b90979,0.0
8a858f185b42f6f1015b4304bd7a0bfa,1.0
8a858f185c884965015c887f761821b6,1.0
8a858f1955b1c4df0155c19feb017f89,0.0
8a858f1955b1c4df0155c61396ff0212,0.0
8a858f1955b1c4df0155cd14c5b478ed,1.0
8a858f1955b1c4df0155cdbeafe97a3e,0.0
8a858f1959d4ea4d0159d56ed9c448f1,0.0
8a858f195a374aff015a374cdbbb01a4,1.0
8a858f1a5b66e6d6015b66ebd451051b,1.0
8a858f1a5ccb60ae015ccf0ca1393eee,0.0
8a858f1b5ab8c83d015ab8c890820023,0.0
8a858f1b5b256bc9015b2f7ff2d860fb,0.0
8a858f1b5b256bc9015b2f998c4d6822,1.0
8a858f1b5b256bc9015b3039f72a13d5,0.0
8a858f1b5b9136f7015b96ba114d0c71,1.0
8a858f1b5b9136f7015b9f4034a8207d,0.0
8a858f1b5b9136f7015b9fe054cc67b2,0.0
8a858f1c5ca1e2f9015ca1f18d750635,1.0
8a858f1c5ca1e2f9015ca1fb029f0b50,0.0
8a858f1c5ca1e2f9015ca231612f359e,1.0
8a858f1d587204670158788b891a13c5,0.0
8a858f1d5c7db9e2015c7dbe8a2d0254,0.0
8a858f1e5add5268015ade70d6e220fa,0.0
8a858f1e5aec5791015aecab567a2a87,0.0
8a858f1e5cef1d91015cef5030131bfd,0.0
8a858f1e5cef1d91015cf11348b17a07,1.0
8a858f1e5cef1d91015cf37f17052b7b,0.0
8a858f1f586c8fc801586de4f21d0d16,1.0
8a858f1f58716185015872d14d3e0e39,1.0
8a858f1f5b48a72d015b48a73d40001e,1.0
8a858f1f5c16cb02015c1717673528c5,0.0
8a858f1f5c59cd91015c5b12c9e4715c,0.0
8a858f1f5c59cd91015c5dfb2dfb7d93,1.0
8a858f1f5c59cd91015c5e0901a105f1,1.0
8a858f1f5c59cd91015c5e2eca1f1a04,0.0
8a858f1f5c834d4f015c84b2654f537b,1.0
8a858f1f5c834d4f015c85f0235d6562,0.0
8a858f1f5c834d4f015c872619d66fd2,0.0
8a858f205ccfd9d3015cd04514bd39c1,0.0
8a858f225b3dc49e015b3de052f52204,0.0
8a858f23573921ad015742fc59060011,0.0
8a858f235b8bf5bc015b8bf94dbc0278,0.0
8a858f235b8bf5bc015b8bfee8ee084c,0.0
8a858f24584470a0015850703b290278,1.0
8a858f245d1dfd3e015d1e3c6bad1ae8,0.0
8a858f25584470aa01584da2a1db5663,1.0
8a858f255c78552d015c7877d6e11cdb,0.0
8a858f255ca276c5015ca313a0062913,0.0
8a858f255ca276c5015ca5dbc7b90b63,1.0
8a858f255ca276c5015ca6175ff526db,0.0
8a858f255cb1710a015cb4f868d27b0d,0.0
8a858f255cb1710a015cb624f45a277e,1.0
8a858f255cb1710a015cbb5a301a4768,0.0
8a858f255cb1710a015cc086cdf573fc,1.0
8a858f255cb1710a015cc3e7f142101c,1.0
8a858f255cb1710a015cc4e5d1cf69b5,0.0
8a858f2656e154de0156eba07ec86e98,1.0
8a858f2656e154de0156f197d9a64b2e,0.0
8a858f2656e154de0156fb12aedb3841,0.0
8a858f2656e154de0156ff3308f15bed,1.0
8a858f265c1c393e015c1e796dbe49eb,0.0
8a858f265c2187bd015c21d5f78413fc,0.0
8a858f265c2187bd015c24ab682b4419,1.0
8a858f265c2187bd015c24bd18b2461b,0.0
8a858f265c2187bd015c298ca7e642cc,1.0
8a858f265c2187bd015c3402a9e52573,0.0
8a858f265c2187bd015c346b5bb74ea9,0.0
8a858f265cfa1a64015cfca12d4651a3,0.0
8a858f265cfa1a64015cffd360cf3f7b,0.0
8a858f265cfa1a64015d082fd3c93380,1.0
8a858f275591bf5d0155968869002f72,0.0
8a858f2756cec0a30156d7a04f140afd,0.0
8a858f2756cec0a30156e76c4e6f6163,0.0
8a858f275a8e994e015a8ebcf96914e1,1.0
8a858f275c451af5015c50cf80457196,0.0
8a858f275c451af5015c5384d0fb5ec0,0.0
8a858f275c451af5015c546a50ce55ed,0.0
8a858f275c451af5015c588578f40668,1.0
8a858f275c451af5015c589ae56f15bf,1.0
8a858f285b14dddb015b14f3be5e0e9f,1.0
8a858f295c829b43015c82d057832585,1.0
8a858f295c8d307f015c925746723871,0.0
8a858f295c8d307f015c92f962ed63c8,0.0
8a858f295c8d307f015c9615b6da3771,1.0
8a858f295c8d307f015c98cd79df18f9,1.0
8a858f295c8d307f015c9b0c82c6605b,0.0
8a858f295c8d307f015c9cee64412197,0.0
8a858f295c8d307f015c9d627df260c1,0.0
8a858f2a5b3f2121015b3f2e1a5c1277,0.0
8a858f2a5b3f2121015b41d14e202aba,1.0
8a858f2a5b3f2121015b4287c0d84865,1.0
8a858f2a5ce989dd015ce9a484671023,1.0
8a858f2b5998268e01599c8bf5897815,1.0
8a858f2b5b870cfe015b870e2543007e,0.0
8a858f2b5bf35819015bf3a8d4072974,0.0
8a858f2b5bf35819015bf3cc59193622,1.0
8a858f2b5bf35819015bf711567b0f1c,1.0
8a858f2b5c11cabe015c11ed979718c6,1.0
8a858f2b5c11cabe015c126b987e58b7,0.0
8a858f2b5c11cabe015c136a30940ae3,1.0
8a858f2b5c7df62c015c7e2dc5641eb2,1.0
8a858f2c585375f0015864b6715151a1,0.0
8a858f2c585375f00158678b108144f8,0.0
8a858f2c585375f00158688cf76b3db7,0.0
8a858f2c58dc6e680158dd8af7761f24,0.0
8a858f2c58dc6e680158ddc5674b32d7,1.0
8a858f2c58dc6e680158df6c91293adc,0.0
8a858f2c58dc6e680158e34dcf8b2508,0.0
8a858f2c58dc6e6801590636eb703b40,1.0
8a858f2c59bc3fdd0159c69c632b7d9c,1.0
8a858f2c59caaf2c0159cb0d4b953714,0.0
8a858f2c59cb2d550159cb54fa96143e,0.0
8a858f2c59cb2d550159cbf3d0437cb5,0.0
8a858f2c5ca72bae015ca788ffeb3aa3,0.0
8a858f2c5ca72bae015cab71247a577c,0.0
8a858f2d5853901a01585c79a6021b8f,1.0
8a858f2d5853901a01585dcf769f26de,0.0
8a858f2d5aeb9c48015aebefa3c75288,1.0
8a858f2e5876d7d0015877a5e1385176,0.0
8a858f2e5876d7d0015877c6e0ae5bdc,1.0
8a858f2e5876d7d0015880cff3b96d0c,1.0
8a858f2e5b81c373015b83d7c16b7392,0.0
8a858f2e5b81c373015b856bc8fe7b24,0.0
8a858f2e5c699f3a015c6e10b65607c9,1.0
8a858f2e5c699f3a015c7405e386784e,1.0
8a858f2e5c699f3a015c749e4d090695,0.0
8a858f2e5c699f3a015c77aa22ed7f23,0.0
8a858f2e5cd09481015cd0b9a1c71440,0.0
8a858f2e5cd09481015cd3d378cd0b38,0.0
8a858f2e5cd09481015cd41183a32235,0.0
8a858f2f54e28d530154f1ba3a8f37c9,1.0
8a858f2f54e28d5301550bb0765d5ee7,0.0
8a858f2f54e28d530155102a418b6307,0.0
8a858f2f5a04ac4f015a0e30386456a2,0.0
8a858f2f5af5d835015af5db88300242,0.0
8a858f30551130db0155158c6aea0483,1.0
8a858f30551130db01551abab6480371,1.0
8a858f30551130db01551d15af161287,1.0
8a858f305c8dd672015c91230d566c0e,0.0
8a858f305c8dd672015c93b1db645db4,0.0
8a858f305c8dd672015c9439eb1c6964,0.0
8a858f305c8dd672015c9665d0c0122b,0.0
8a858f305c8dd672015c967a260a1563,0.0
8a858f305c8dd672015c970cc60d3014,0.0
8a858f305c8dd672015c97a940a24715,0.0
8a858f305c8dd672015c991b913e01df,0.0
8a858f305c8dd672015c9b0451ec3125,0.0
8a858f305c8dd672015c9b6de9735c21,1.0
8a858f305c8dd672015c9cc94b4c2adb,0.0
8a858f305c8dd672015c9d62596676c3,1.0
8a858f305c8dd672015c9d82080e7f53,0.0
8a858f305c8dd672015c9e1d9c281a8d,1.0
8a858f305cb1ec4e015cb4ebf8df3fcd,1.0
8a858f305cb1ec4e015cb5422c574d3f,1.0
8a858f305cb1ec4e015cb65bf76e7744,0.0
8a858f305cb1ec4e015cc075bf43795e,1.0
8a858f3159f585d30159f87d1a2877db,0.0
8a858f315bf749da015bf75e46bf0cf8,0.0
8a858f315ccb979d015ccf98ddd4661f,1.0
8a858f315ccb979d015ccfdb46730c21,0.0
8a858f3355ae6a610155b576b37d7dbb,1.0
8a858f3355ae6a610155bbaab30362bd,0.0
8a858f3355ae6a610155c1daebe61b76,1.0
8a858f3355ae6a610155c4dcf6ab573c,1.0
8a858f3355ae6a610155c583cc8e034d,0.0
8a858f335c8d9723015c9706f48f4116,0.0
8a858f335c8d9723015c98e602d911e2,0.0
8a858f335c8d9723015c9b9132b212e3,0.0
8a858f335c8d9723015c9cfffcce6261,0.0
8a858f335cd0c78e015cd44b20b736c0,1.0
8a858f335cea21f8015ceda4e4cd5776,1.0
8a858f3455a0d8070155a1276c4e1799,1.0
8a858f3455a0d8070155b16b7768789b,1.0
8a858f3455a0d8070155b6c6fdd05de2,0.0
8a858f3455a0d8070155ba00f4ee20a2,0.0
8a858f3455a0d8070155c059a8e9682c,0.0
8a858f3455a0d8070155c5c138987cad,0.0
8a858f3455a0d8070155c5fee7cc0a6d,0.0
8a858f34588713c201588c59c04b04cd,1.0
8a858f345ad253d6015ad260db8c0a81,1.0
8a858f345b1a6144015b1a747f610e68,0.0
8a858f345c1075d5015c10c9b9572768,1.0
8a858f345c1075d5015c113cd32b57b0,0.0
8a858f365668e43901566fc8ed1c23e5,0.0
8a858f3659f9d6dc0159fa2cafe23cc9,0.0
8a858f365b2547f3015b2b5c729d5724,0.0
8a858f365b2547f3015b2bfd85c85ec1,0.0
8a858f365b2547f3015b2fc6ca393bbe,1.0
8a858f365b2547f3015b30099a505307,1.0
8a858f365c83961c015c86ca922b5ddc,1.0
8a858f365d5bb7ab015d5f0a75401eb6,0.0
8a858f375b493337015b494169b00e07,1.0
8a858f375b493337015b4a7a04286bac,1.0
8a858f375b493337015b4b87fd557c4f,1.0
8a858f375b493337015b4db76b0752cd,0.0
8a858f375b493337015b522f73813498,0.0
8a858f375b493337015b52c1cd713ff0,1.0
8a858f375b493337015b56c4ef7a4e0c,1.0
8a858f375b493337015b56fbe1c0738e,0.0
8a858f375b493337015b572be9d01961,0.0
8a858f375cef1cbc015cef217cd302fe,0.0
8a858f385b34d285015b34e6dbbb1309,1.0
8a858f385b34d285015b34ed06a1189b,0.0
8a858f385b34d285015b355601945bb1,0.0
8a858f385b34d285015b364237b40273,1.0
8a858f385b34d285015b368d23720716,1.0
8a858f385b34d285015b36b6a49b08d1,0.0
8a858f385b34d285015b3852d40b417c,0.0
8a858f385b34d285015b388b44a27edf,1.0
8a858f385b866e4f015b86abb1173999,0.0
8a858f3959f562330159f9002c242c83,1.0
8a858f3a58a6d6720158aa1561f233c0,1.0
8a858f3a58a6d6720158aa1f06e4388a,0.0
8a858f3a58a6d6720158b0d75ed070f2,1.0
8a858f3b59eed4f10159ef24ce33295f,1.0
8a858f3b59eed4f10159ef4562a23e9b,0.0
8a858f3b5c1c5a08015c1c6897ac062b,0.0
8a858f3b5c1c5a08015c1d0f431230ad,0.0
8a858f3c5c16cadb015c171ebcfb30b6,0.0
8a858f3c5c16cadb015c1a134d3c0c7a,0.0
8a858f3d5ab81f53015ab8334351169b,0.0
8a858f3d5add42e2015ae06ea7645399,1.0
8a858f3d5add42e2015ae0ca6cb66b83,0.0
8a858f3d5add42e2015ae0d08df06d16,1.0
8a858f3d5add42e2015ae1446fbf7d56,0.0
8a858f3d5add42e2015ae1afc0810894,1.0
8a858f3d5add42e2015ae2f266f01da4,0.0
8a858f3d5b4411b7015b45118d3e2534,1.0
8a858f3d5bfc954e015bfcaf90e1114b,0.0
8a858f3d5c1c9865015c1dd482f835ed,0.0
8a858f3d5d18c7d7015d1991deb638b7,1.0
8a858f3e5885ffa301588ccdf1b437ef,1.0
8a858f3e5885ffa30158967ceea30830,1.0
8a858f3e589c40610158aeb00ff65aaf,1.0
8a858f3e589c40610158b48a71b430d3,1.0
8a858f3e58b4ff1a0158b63d1df0021c,0.0
8a858f40577642af01577a506291185a,1.0
8a858f405d13c45f015d1407060e316e,1.0
8a858f415686c0ab0156893370741aa5,0.0
8a858f415686c0ab015691ea91d45900,0.0
8a858f415686c0ab0156932bc72861e0,1.0
8a858f4156939c3c015693a5a85504cb,0.0
8a858f4156939c3c01569d77496b6f81,0.0
8a858f4156939c3c01569eb58e93629a,0.0
8a858f4156939c3c01569f034a8d6b06,0.0
8a858f4156939c3c0156a3156a530b83,1.0
8a858f415ba54724015ba9263d3152ec,1.0
8a858f435aa9712e015aab488ebc2491,0.0
8a858f435ad25c25015ad29e0ad52b72,1.0
8a858f44578e3d4601578efa5c6d3433,0.0
8a858f445d41ebbe015d4d646b946dec,0.0
8a858f4655ca643c0155d0dd20bb0a03,0.0
8a858f465668e3d601566ad583100ef5,1.0
8a858f465668e3d601566dfe49be619d,0.0
8a858f465668e3d6015673c90e483f44,0.0
8a858f465668e3d6015674d9567a2c56,1.0
8a858f465668e3d60156790caa5f49da,1.0
8a858f465668e3d601567dc3f5970090,0.0
8a858f465668e3d6015685204d750dd7,1.0
8a858f465668e3d601568dd071503445,1.0
8a858f475afb66cd015afb7fd2d11ba5,0.0
8a858f475bceed0d015bcf37085126dd,0.0
8a858f475be98d5f015bea05e74b1b04,1.0
8a858f475c11bc72015c1381706c10db,0.0
8a858f475c7ea023015c7ed381550c5c,1.0
8a858f475c7ea023015c7f69842720ee,0.0
8a858f475c7ea023015c81ad999a0386,1.0
8a858f495a70f465015a7562d9b20ad9,0.0
8a858f495a70f465015a76e95fa42c3d,1.0
8a858f495a7fafc1015a800d307d4d03,0.0
8a858f495bcefdb9015bd231d00778ab,1.0
8a858f495bcefdb9015bd2ab3dc72788,1.0
8a858f495beda5ee015bee2f3c4e51d7,1.0
8a858f4b55df0f530155df2ba21c0cc4,0.0
8a858f4b55df0f530155f714fc8a6701,0.0
8a858f4b5ccab528015ccbc91ef76750,1.0
8a858f4c5bb597f6015bb88edfd35179,0.0
8a858f4c5bb597f6015bb9f60ed711da,1.0
8a858f4c5bb597f6015bc3cc1fbb7104,1.0
8a858f4c5bd8c7b2015bd902087b273c,1.0
8a858f4d59f551120159f6865c371501,1.0
8a858f4d59f551120159f86e27d740bd,0.0
8a858f4e5ba5e8d3015ba64844642115,0.0
8a858f4e5ca72981015ca7886d4725d6,0.0
8a858f4e5ca72981015ca7a4fdc23103,1.0
8a858f4e5ca72981015cab698acd7f40,0.0
8a858f4e5ca72981015cabf3f75d36d7,0.0
8a858f4f5511dca201551b73634170b6,1.0
8a858f4f5511dca201552520822d5721,1.0
8a858f4f5511dca2015527f16c630032,1.0
8a858f4f59f4ed130159f50d47b117a0,1.0
8a858f4f5b66de3a015b66fc83c61902,1.0
8a858f505b8ac45a015b8ac545bc0181,0.0
8a858f505c7e3a50015c7f0abf5847cd,0.0
8a858f505c7e3a50015c7f8583ce536b,0.0
8a858f505cf46e04015cf46f85330131,0.0
8a858f505cf46e04015cf760b94b7ef5,1.0
8a858f515d3c8b43015d3d75e17056ac,0.0
8a858f525b484af4015b484e35ec0367,0.0
8a858f525bedff8d015bef815d3c6d46,0.0
8a858f525bedff8d015bef8f8f9b6e4a,1.0
8a858f535908095c015911ce6c8a76bb,0.0
8a858f535908095c01591628b8dc27b1,0.0
8a858f535908095c01592c4a9576186c,0.0
8a858f535c357042015c358627551358,0.0
8a858f535d325481015d3593ac7e0cb3,0.0
8a858f54589736f40158a9a0f1204927,0.0
8a858f54589736f40158ab60b3e36a52,0.0
8a858f545908094b01591f39284c5592,0.0
8a858f54592214a0015922c0bfa71bd8,0.0
8a858f54592214a0015926bce60f2108,1.0
8a858f545c887b44015c889b346f1575,1.0
8a858f555cacacdf015cafcc2c1c7105,1.0
8a858f555cacacdf015cb0d734197a92,0.0
8a858f555cc65d60015cc72de106320c,0.0
8a858f555d0e96d1015d125689135609,0.0
8a858f5659bc0eea0159c14345343398,0.0
8a858f5659bc0eea0159c6f4b9ab6a80,1.0
8a858f565b683b56015b68bf1d44335d,0.0
8a858f565b683b56015b6e9302a77dd1,1.0
8a858f565b683b56015b724f43c25b8e,1.0
8a858f565b683b56015b7357f31e7569,0.0
8a858f565b683b56015b7391c2617960,1.0
8a858f565b683b56015b77d6c4b14751,1.0
8a858f565b683b56015b7ad54ddc7f78,0.0
8a858f565b683b56015b7cc0ebfa510d,1.0
8a858f565b683b56015b800206d93f22,0.0
8a858f565c3acb9d015c3f5e4d3b6d8d,0.0
8a858f565c3acb9d015c4398b36817a8,1.0
8a858f5856373f8801564d08bbbf26f4,1.0
8a858f585bfd6341015c005942497b6c,1.0
8a858f585bfd6341015c02b6bdef00d3,1.0
8a858f585cf9d48b015cf9ee030e10ad,0.0
8a858f585cf9d48b015cfa156a9024ea,0.0
8a858f585cf9d48b015cff6828b66435,0.0
8a858f585cf9d48b015d07dbb8c03999,1.0
8a858f585cf9d48b015d0805acb34afc,0.0
8a858f585cf9d48b015d0a258b75758a,1.0
8a858f585cf9d48b015d0c8b49993e4d,1.0
8a858f595ccb6f86015cce7333856062,1.0
8a858f595d1387e8015d149bd8e57256,1.0
8a858f5a57519e4801576b2bd3284e9c,0.0
8a858f5b5a4d538e015a501ba52552ea,1.0
8a858f5b5bee1b11015bf192ffb44553,0.0
8a858f5b5bee1b11015bf1b4ffea5abb,0.0
8a858f5b5bee1b11015bf1c55a266522,0.0
8a858f5b5bee1b11015bf1f46fee071a,1.0
8a858f5c5ad7d927015ad8d3ea7b5cca,0.0
8a858f5c5ad7d927015adb8b97f96be0,1.0
8a858f5c5bfc7082015bfc91ab1c169b,0.0
8a858f5c5bfc7082015bfcd94a2848c3,0.0
8a858f5d5929e0fd015945f72b1420e1,0.0
8a858f5d5d56884c015d5a21e575563a,1.0
8a858f5e5566567d01556c3e3c342d60,0.0
8a858f5e5566567d01556f2580846d5f,0.0
8a858f5e5566567d0155725ac7ea3c08,0.0
8a858f5e5566567d01557540adc15a20,1.0
8a858f5e5566567d015577a80b01201e,0.0
8a858f5e5bedf32a015beeb96d0a4ddf,0.0
8a858f5e5cb23c77015cb25bd0a3073c,0.0
8a858f5e5cb23c77015cb5bd8faa5173,0.0
8a858f5e5cb23c77015cb617d25a6080,1.0
8a858f5e5cb23c77015cb7532e3912cb,1.0
8a858f5e5cb23c77015cb94d2a40409c,0.0
8a858f5e5cb23c77015cbff5e90f24da,1.0
8a858f5f55f9698c0156004d35076ede,1.0
8a858f5f55f9698c0156028d5ba328e7,0.0
8a858f5f55f9698c015602905f522aed,0.0
8a858f5f55f9698c0156076313646281,0.0
8a858f5f5a3d03ab015a3d1733130bf9,1.0
8a858f5f5a83e8dc015a847ab68a5a08,1.0
8a858f5f5b39bb0c015b3aa87eb81282,0.0
8a858f5f5b39bb0c015b3b16c0d931ad,0.0
8a858f5f5b39bb0c015b3b91b59c43d4,1.0
8a858f5f5b39bb0c015b3cbacb4c6b58,0.0
8a858f5f5b39bb0c015b3d560ed14ffc,0.0
8a858f6055f96ad2015604e2b0530828,1.0
8a858f60560bc43d01560d6ed8b068e6,1.0
8a858f60560bc43d01560f01835b4a41,1.0
8a858f60560bc43d01561c8fb7ea6af5,0.0
8a858f60560bc43d01562157abc56a88,1.0
8a858f605b911d60015b91b99d55400d,1.0
8a858f605b911d60015b9a7f64f15e1f,1.0
8a858f615578136301557f55fc575dc4,0.0
8a858f615578136301558cd970840ea8,1.0
8a858f615591c2cc0155932f442a68d0,0.0
8a858f615591c2cc0155965e44ff3633,1.0
8a858f615591c2cc01559c6b1ae9699d,1.0
8a858f6155f96a03015607947b3c4f67,0.0
8a858f61560bc0e501560d55eaca7446,1.0
8a858f61560bc0e501561c4c492609ef,1.0
8a858f61560bc0e501561c6067660b09,0.0
8a858f61560bc0e501561e222be3280d,1.0
8a858f615a60b7a9015a60ec6bd7262c,0.0
8a858f615b1ffb14015b200e2dc10f69,0.0
8a858f615b910db3015b9d5e2cb60865,1.0
8a858f625b43c0a1015b43e9175e3c65,0.0
8a858f625c5a3697015c5ac8f5e332b1,0.0
8a858f625c5a3697015c5e1307347932,0.0
8a858f635cd0112b015cd04879881d76,0.0
8a858f645a8ea316015a8eeb23a93384,1.0
8a858f665c2142a0015c2cf209e20a6f,0.0
8a858f665c45930d015c490f9e137383,0.0
8a858f665c45930d015c4b164bed3b03,0.0
8a858f665c45930d015c50908f4d2df3,0.0
8a858f665c45930d015c50e26935397d,0.0
8a858f665c45930d015c51fd1e3b47d8,0.0
8a858f665ca1c775015ca1e1f1360d78,0.0
8a858f665d5b785d015d5f68ed617390,1.0
8a858f675c1c43bc015c1e99c0a95a77,1.0
8a858f675c1c43bc015c1f5eb8737aad,0.0
8a858f675c1c43bc015c2049f2d20224,0.0
8a858f685886044001588b8117fc6188,0.0
8a858f685b5dadef015b5daef51a007e,0.0
8a858f695ceee665015cef2c74e82bc3,1.0
8a858f6a5d1e09b3015d2b9c63ee790e,0.0
8a858f6b570f2de901572981cca506b5,0.0
8a858f6b570f2de901572f04bf9744c4,0.0
8a858f6c570f2d6601570f4637b10cbc,1.0
8a858f6c570f2d6601572a4acffc221f,0.0
8a858f6c5a37e2a3015a3820e4ef2dcd,1.0
8a858f6c5b5cff3d015b5d08e3110cd6,1.0
8a858f6c5cac8f53015cafeb15141be1,1.0
8a858f6d5a7fef7d015a8367573a6b63,0.0
8a858f6d5bfcd8a2015bfcf70b4213bc,1.0
8a858f6e5aa3c922015aa3d9cba10a74,0.0
8a858f6e5b1a4fd0015b1a555f54042b,1.0
8a858f6e5cb16eb9015cb256f2d7506f,0.0
8a858f6e5cb16eb9015cb56eb47d0a02,1.0
8a858f6e5cb16eb9015cb7fd2766646d,1.0
8a858f6e5cb16eb9015cbf6316b4273f,0.0
8a858f6e5cb16eb9015cc423ee197af6,0.0
8a858f6f57b9193a0157d194bbf90ec9,0.0
8a858f6f57d2acb50157dca4f81540e2,1.0
8a858f6f5b199197015b199ea5000d84,1.0
8a858f6f5b3f095b015b3f57daaa5cff,1.0
8a858f6f5b3f095b015b40f2cd163744,0.0
8a858f6f5b3f095b015b4293c4775b80,0.0
8a858f6f5b3f095b015b42c2106b08a5,1.0
8a858f6f5ba5f9b8015ba6fedda73439,1.0
8a858f7057b918e40157b93a0b210f37,1.0
8a858f7057b918e40157bd8c8a8e6ec1,1.0
8a858f7057b918e40157c973bde93376,1.0
8a858f715d18a4cd015d18bdc15a0f9b,1.0
8a858f725ad6f19e015ad72130921e81,0.0
8a858f725b49c0c0015b4efd41913c0f,1.0
8a858f725b49c0c0015b4f7c165e4827,0.0
8a858f725b49c0c0015b501c78d85002,0.0
8a858f725b49c0c0015b520763bc7ee4,0.0
8a858f725b49c0c0015b55555c7c5bef,0.0
8a858f725d65fce6015d6f5cb1342d7c,1.0
8a858f735922163501592c4f0de93a51,1.0
8a858f73594ab1ea015964b39b815f52,1.0
8a858f735aec46c4015aece4cfa14726,0.0
8a858f735b437619015b439524ec306f,0.0
8a858f735c161bda015c164752961cc9,1.0
8a858f735c161bda015c164d86632026,0.0
8a858f745b86e128015b872a3a063068,1.0
8a858f755af1caee015af206036c172c,1.0
8a858f755af28150015af5534c2e15ce,0.0
8a858f765c350480015c35105f3f04c1,1.0
8a858f775b3ea497015b3ed88dba478e,0.0
8a858f775c35b709015c38f9bf933a2e,0.0
8a858f775d0e8a23015d11f3cd1d202f,0.0
8a858f78550ba10401550c694cfc464b,1.0
8a858f78550ba1040155110cdacd015f,0.0
8a858f78550ba10401551b5beb391078,0.0
8a858f785ad67c4d015ad6c1b9f4339e,0.0
8a858f79588789bd015890be99777cf4,1.0
8a858f795896e56b0158972775f12556,0.0
8a858f795896e56b0158a47b8be660c5,1.0
8a858f795896e56b0158ac9d15f36f1a,0.0
8a858f7958b0a4a80158b47fb32010f3,1.0
8a858f7a5ca22d3c015ca282b1ac2e08,1.0
8a858f7a5d41fd47015d466672e123e0,1.0
8a858f7b5763d88001576be2678d67c6,1.0
8a858f7b5b103152015b104720d6105d,0.0
8a858f7b5ca7abe3015cac08f7d43c87,0.0
8a858f7c5ad29e0f015ad2ac49010f4d,0.0
8a858f7c5be8dc45015be8e136700347,0.0
8a858f7c5be8dc45015be964ef6f5833,0.0
8a858f7c5be8dc45015bea117aa57efe,0.0
8a858f7c5ccaf06d015ccb09b0070f34,1.0
8a858f7d5578012a015579e9cfd56f51,0.0
8a858f7d5578012a0155827e94874386,0.0
8a858f7d5a5bd94e015a5fbe42b84f0a,1.0
8a858f7d5ab3ca4b015ab769621b5811,1.0
8a858f7d5be8748c015be8cf8e2641dc,0.0
8a858f7d5c5e86a8015c5e8a3e1f035f,0.0
8a858f7d5cf9aef9015cfdca34b13c79,1.0
8a858f7d5cf9aef9015d0a60d4053a31,0.0
8a858f7d5cf9aef9015d0abb2c974494,0.0
8a858f7d5cf9aef9015d0cc6f0d61fc2,0.0
8a858f7e564ad33801564b73c7113f56,0.0
8a858f7e564ad3380156565307213481,0.0
8a858f7e564ad33801565727cc994cef,0.0
8a858f7e564ad33801565a5614763e6a,1.0
8a858f7e5c213ef4015c25e43b891f67,0.0
8a858f7e5c213ef4015c2a8b9fe20181,1.0
8a858f7e5c213ef4015c2c0013e72111,0.0
8a858f7e5c213ef4015c31640d15066c,1.0
8a858f7e5c69a6e3015c69b6aba2072e,0.0
8a858f7e5c69a6e3015c6b5b59264a17,0.0
8a858f7e5c69a6e3015c6d953819750c,0.0
8a858f7e5c69a6e3015c77988b05021a,1.0
8a858f8559ff51bc015a034f940172a7,1.0
8a858f855bf2f1ad015bf3a592d55d35,0.0
8a858f855bf2f1ad015bf67271165549,0.0
8a858f875cedcb03015cedea256e1bd5,0.0
8a858f88578ad68901578bd0502a216a,1.0
8a858f8a558227f2015588ff37f873d5,1.0
8a858f8a558227f2015590dc5e57307e,0.0
8a858f8a5a424041015a4296cb8733f7,1.0
8a858f8a5a424041015a43ca4912104e,1.0
8a858f8a5a424041015a45922fcc2ede,0.0
8a858f8a5a424041015a467fa9ea3240,0.0
8a858f8a5b146b08015b14807b6c1308,0.0
8a858f8b57a6f4c20157adda48ff6235,1.0
8a858f8b5a1812a8015a183a092d1960,0.0
8a858f8b5b630942015b631a8db21732,0.0
8a858f8b5b630942015b6387bae751b2,1.0
8a858f8c5ca0e7fe015ca0e9889a0146,1.0
8a858f8d56e0c3a70156e519862924ae,0.0
8a858f8d56e0c3a70156fa06a8c87640,0.0
8a858f8d56e0c3a70156fa3aa92e0b00,0.0
8a858f8d56e0c3a70157041167c02cf1,0.0
8a858f8d5b3e733e015b3e7510a70420,0.0
8a858f8d5b632706015b63adf38a451e,0.0
8a858f8d5b632706015b65e38374135f,0.0
8a858f8d5c82ba66015c8316bc8a3607,0.0
8a858f8e597cf3f401598353f79a7171,0.0
8a858f8e5986f510015987965aa9183a,0.0
8a858f8e5b8c34d3015b8e76dac7657b,0.0
8a858f8e5b8c34d3015b8f25ea8f03b9,1.0
8a858f8e5c5f46fc015c6242c82b7c0b,0.0
8a858f8e5c5f46fc015c633244a35e89,1.0
8a858f8e5c63d73e015c6893b0722802,0.0
8a858f8f5bd43c36015bd84ce0b26bce,0.0
8a858f8f5bfd3cfa015c00e809b600d4,1.0
8a858f8f5bfd3cfa015c0b4d7b61102c,1.0
8a858f8f5bfd3cfa015c0cec47c055f1,0.0
8a858f8f5bfd3cfa015c0d135d0365b3,1.0
8a858f8f5c87d0c8015c8835a5153de6,0.0
8a858f905c06a9c0015c06db624d043e,1.0
8a858f905c06a9c0015c0d23489f2f06,0.0
8a858f905c06a9c0015c0fe9941d0e24,1.0
8a858f9157f7b9670157fcc1f2611cff,0.0
8a858f9158aff6a30158b4c1f2b60833,1.0
8a858f92582fcca1015833a89b93069d,0.0
8a858f925bec9b74015bece5fdc43462,0.0
8a858f925bec9b74015beceb8bf13a0a,1.0
8a858f925d3c3cad015d3c4541e2059f,1.0
8a858f925d5bfd0a015d5c41ca480d60,1.0
8a858f935760a6180157656412854b07,0.0
8a858f935760a61801577033195a28b1,1.0
8a858f935b8753e6015b87cd4412251d,1.0
8a858f935b8753e6015b8a360b650064,0.0
8a858f955a6b4986015a6ff352ae57e5,1.0
8a858f965bb63a25015bbb3c90f07658,0.0
8a858f965bb63a25015bbf63fd062e2e,1.0
8a858f965bb63a25015bc8aebd3b4b64,1.0
8a858f965bc8e421015bcc66b05e5967,0.0
8a858f965c6950da015c6ea724353a26,1.0
8a858f965c6950da015c7825e09e6801,1.0
8a858f965c6950da015c7a34bb072e98,1.0
8a858f965c6950da015c7b953c93484d,0.0
8a858f965c6950da015c7c022e4757a6,0.0
8a858f975c4582c4015c468f7f4f4e9a,1.0
8a858f975c4582c4015c49b8173116fa,0.0
8a858f975c4582c4015c4e2ba05c62b5,1.0
8a858f975c4582c4015c4ec6fafe741d,0.0
8a858f975c4582c4015c5379bebc030a,0.0
8a858f975c4582c4015c54619e9b7e2b,0.0
8a858f975c4582c4015c550ee4925686,0.0
8a858f975c4582c4015c5659e2d36fce,0.0
8a858f98560bbe1101560ccaa0f8413b,0.0
8a858f98560bbe1101560db94d740f06,1.0
8a858f98560bbe110156218cd2a94514,0.0
8a858f985b80ab2c015b81098b8f2c2e,0.0
8a858f985bee01cb015bee649b4f3611,1.0
8a858f985bee01cb015befa895cd7226,0.0
8a858f985bee01cb015bf160e3ef4c1d,1.0
8a858f985bee01cb015bf16ec19f5383,0.0
8a858f985bf79668015bf7e2a2f12fef,1.0
8a858f99560bbe45015613ae87981a6d,1.0
8a858f995a4762a5015a490254ba0a2e,1.0
8a858f995c5fa060015c5faa880403a0,0.0
8a858f9a564355590156461a0da77401,1.0
8a858f9a5b33cc48015b33d812b20d0c,1.0
8a858f9a5c885f42015c8d0b01a33781,0.0
8a858f9c56aaf37d0156ac3dcf0f06c9,1.0
8a858f9c582479b9015824b8e09b1c6f,1.0
8a858f9c5a4817be015a486238ca1a96,1.0
8a858f9c5a4817be015a48bb859430a2,0.0
8a858f9c5bb503b8015bb5063bcb021e,0.0
8a858f9c5be882ce015be8911fac0b0f,1.0
8a858f9c5cd581d9015cd5fd37de47cd,0.0
8a858f9d565c0059015663fdde19510e,0.0
8a858f9d5668e3f101566a6e9722794c,1.0
8a858f9d5668e3f101566fb7494822f9,1.0
8a858f9d5668e3f101566fd2e9f52c60,0.0
8a858f9d5668e3f10156749815b41f4d,0.0
8a858f9d5668e3f1015674c7847e34a0,1.0
8a858f9d5668e3f1015679951579076f,0.0
8a858f9d5a4ceb8f015a4d4dd6f0284e,0.0
8a858f9d5afc0a16015afc552c271b88,1.0
8a858f9d5afc0a16015b0054bbf824f1,0.0
8a858f9d5bd44001015bd492e919247f,0.0
8a858f9d5bd44001015bd4cd7c343311,0.0
8a858f9d5c8779e7015c87d0c6db38fd,1.0
8a858f9e5a41dfd7015a41f7b0ae1759,1.0
8a858f9e5a6b4fad015a6b925e3c29fd,0.0
8a858f9e5a6b4fad015a6bc035af3d70,0.0
8a858f9f5679951a01567bdd5d0776da,0.0
8a858f9f5679951a015689f8cbab66c5,0.0
8a858f9f5679951a015689f941316720,0.0
8a858f9f5679951a015692c661784bb8,0.0
8a858f9f5bd99987015bd9f0e7c81fd0,0.0
8a858f9f5bd99987015bdc921fb36531,1.0
8a858f9f5bd99987015bdf4787394f7d,0.0
8a858f9f5bd99987015be23abcfc07f2,1.0
8a858f9f5bd99987015be27c21221292,1.0
8a858f9f5bd99987015be4ac07c556fa,0.0
8a858f9f5bd99987015be772dfc257f1,1.0
8a858fa057e2a0a50157e7650d8903fb,1.0
8a858fa057e2a0a50157f1ffa5f228a0,0.0
8a858fa05c111612015c117471cb30c1,0.0
8a858fa05c82907b015c82bc5d911e17,0.0
8a858fa05c82907b015c82d5933a2b8a,0.0
8a858fa05c82907b015c82e998ce3657,1.0
8a858fa154e2912f0154e2f6b3da1e13,1.0
8a858fa154e2912f0154ecfb533d7a5e,0.0
8a858fa154e2912f0154ee239b0857f0,1.0
8a858fa154e2912f0154ef3eeb7c6e15,0.0
8a858fa154e2912f0155065fcda06f84,0.0
8a858fa154e2912f0155071c1e512f6f,0.0
8a858fa154e2912f0155112438744810,1.0
8a858fa1581f869601582023dd373106,0.0
8a858fa158d4a6c00158f0024f7b611b,0.0
8a858fa158d4a6c00158f545e583678b,0.0
8a858fa158f8ee8f0158ff1bb2b747e1,0.0
8a858fa25a84fe3b015a852ea1d02175,1.0
8a858fa25ba50724015ba50ce44c062d,1.0
8a858fa25bd92c20015bda335e175efb,1.0
8a858fa25bd92c20015bdec1e1616d76,0.0
8a858fa25bd92c20015be50d818f1890,0.0
8a858fa25bd92c20015be6644ca22cff,1.0
8a858fa25bd92c20015be6b5d0f03cf1,0.0
8a858fa25c120898015c132919e544fc,1.0
8a858fa25cfa127c015cfc1e527253b5,0.0
8a858fa25cfa127c015d0701d6ad4f46,1.0
8a858fa25cfa127c015d0958368043fb,1.0
8a858fa3586d20e001586d3a40c3099b,0.0
8a858fa3586d20e001586d8ef15428c1,0.0
8a858fa3586d20e0015871142a6046af,0.0
8a858fa35871618e0158775c47d17113,1.0
8a858fa4552add9f01553e7f443c4214,0.0
8a858fa4552add9f01553fb0d84f57aa,0.0
8a858fa4552add9f01555355c66043ac,0.0
8a858fa459e0a1340159e4022e2a7a3c,1.0
8a858fa459e0a1340159ec74c24a744b,0.0
8a858fa459eecb2a0159eecbae2d0051,0.0
8a858fa45bd95e9a015bdd6141823e52,1.0
8a858fa45bd95e9a015bde4d41406ebf,1.0
8a858fa45bd95e9a015be29a6b136061,0.0
8a858fa45bd95e9a015be38192d70888,1.0
8a858fa5552add5d0155356128d8668a,0.0
8a858fa5552add5d0155452401244051,0.0
8a858fa5552add5d01554b51ef567295,0.0
8a858fa5552add5d01554ea9435f677d,0.0
8a858fa5552add5d0155536bd49343f9,1.0
8a858fa55776f0470157799aa4b33da8,1.0
8a858fa55acd8061015ad0b778b013ea,1.0
8a858fa55cc5dbbc015cc62025142ae4,0.0
8a858fa55d37a570015d38332887360d,1.0
8a858fa65d13a38c015d142bf2d73b6d,0.0
8a858fa7590af88501591230cd1c34b0,1.0
8a858fa75b5c94ed015b5ca7267d13f2,0.0
8a858fa859a7641e0159a9122c3c61b5,0.0
8a858fa95b631878015b6401c15973f3,0.0
8a858fa95c695f85015c698efbf11b7e,1.0
8a858fa95c695f85015c6beb3279647b,1.0
8a858fa95c695f85015c722c61b67dce,0.0
8a858fa95c695f85015c7806a0387faa,1.0
8a858faa56dffac60156e220912a0f6d,0.0
8a858faa56dffac60156e557ec6e77b6,1.0
8a858faa56dffac60156eed794613f9e,0.0
8a858faa56dffac60156f941bfeb434b,1.0
8a858faa5cf9a4f6015cf9efe1a92e72,0.0
8a858fab5b9105dc015b94648ba66c06,0.0
8a858fab5b9105dc015b96ba29ad301e,1.0
8a858fab5b9105dc015b975e594e394a,0.0
8a858fab5b9105dc015b9a196ae14921,1.0
8a858fab5b9105dc015b9c57408c68dc,0.0
8a858fab5b9105dc015b9e2f0f40784b,0.0
8a858fab5bd395d6015bd3e7e69023fe,1.0
8a858fab5cd5e1a7015cd9c3b9ae0f29,0.0
8a858fab5cd5e1a7015cdb58471a5314,1.0
8a858fab5cd5e1a7015cdbcb4ba75d93,1.0
8a858fab5cd5e1a7015cdc164d57632a,1.0
8a858fab5cd5e1a7015cde28b9f37db3,1.0
8a858fab5cd5e1a7015cdeddd8590ea3,1.0
8a858fab5cd5e1a7015cdf590c9d1f59,1.0
8a858fab5cd5e1a7015ce50756cf0aef,1.0
8a858fab5cd5e1a7015ce92aa49d4dd4,0.0
8a858fad5bf85d5e015bf8a88d381dd3,0.0
8a858fad5bf85d5e015bfb734316090f,0.0
8a858fad5ccb633e015ccb8973e511bc,1.0
8a858fad5ccb633e015ccbe337372ab3,1.0
8a858fae5921beeb015926d404124f7e,0.0
8a858fae59ac8f090159ac920f32025b,1.0
8a858faf55d95d930155f02fd7f92a5a,1.0
8a858faf55d95d930155f31802a14559,0.0
8a858faf5679a838015679c459720d76,1.0
8a858faf5679a838015679dda1481bfb,0.0
8a858faf5679a83801567f5bc4fc7215,0.0
8a858faf5679a838015680f89d553201,1.0
8a858faf5679a83801568596dba677cd,0.0
8a858faf5679a838015685e32ce57cb0,1.0
8a858faf5679a8380156867a81ca016f,0.0
8a858faf5679a83801568b26dbf137e0,0.0
8a858faf5679a83801568bbe45ff3d3d,1.0
8a858faf5679a8380156906a01984117,1.0
8a858faf5679a838015692f7a8f831d7,0.0
8a858faf56939fea0156975419b87130,0.0
8a858faf56939fea015698f52c0b0e5b,1.0
8a858faf56939fea01569d9c10415018,0.0
8a858faf56939fea0156a7a6a8435dd7,0.0
8a858faf56b7821c0156c15de860731e,0.0
8a858faf56b7821c0156cbb2b12c07a8,0.0
8a858faf56b7821c0156cd9d24f12275,1.0
8a858faf56b7821c0156cdaa248222fd,0.0
8a858fb05989e30101598f2295ab21da,0.0
8a858fb1563219690156352b4da842e8,0.0
8a858fb1563219690156451133cc037c,0.0
8a858fb15b34a708015b34e097fa30af,0.0
8a858fb15b34a708015b361f8b9921bd,0.0
8a858fb15b34a708015b38878020108b,0.0
8a858fb15d0d2558015d0d98bc79398b,0.0
8a858fb4563228d201563d09846204bd,0.0
8a858fb4563228d20156455071ba60a1,0.0
8a858fb4563228d201564c66602444a2,0.0
8a858fb45b58ee3b015b5974123a35b9,0.0
8a858fb45bb59c21015bb88a191f58f2,1.0
8a858fb45bb59c21015bba2f3ffe197d,1.0
8a858fb45bb59c21015bbb7beff83c2d,1.0
8a858fb45bb59c21015bbfe3651f0750,0.0
8a858fb45bb59c21015bc44544c91e59,1.0
8a858fb557330de10157394d041943fb,0.0
8a858fb559b64f410159b6d8b6ed48f4,1.0
8a858fb7597cf3dd01598419ae0e2c7b,1.0
8a858fb759878fc90159879cddf605ef,1.0
8a858fb75cc4c299015cc5033b41281c,0.0
8a858fb75cc4c299015cc53618c94218,0.0
8a858fb75cf4b2bd015cf7d0dda60b7c,0.0
8a858fb75cf4b2bd015cf85128965269,0.0
8a858fb85b81c658015b851b7668420c,1.0
8a858fb85c3b2e0c015c3f2187793fea,1.0
8a858fb959b6dfec0159b700765e15e7,1.0
8a858fb95a951d1a015a9627728034e1,1.0
8a858fb95a951d1a015a99d458d711c8,1.0
8a858fb95bd896cc015bd8a775a70c54,0.0
8a858fba570ca86401570e9e31230e2e,0.0
8a858fba5cd5feee015cd934e2f2657f,0.0
8a858fba5cd5feee015cd9f99f38135a,0.0
8a858fba5cd5feee015cdb0546383f66,0.0
8a858fba5cd5feee015cdbba6b9d564b,1.0
8a858fba5cd5feee015ce2e234b45c0c,1.0
8a858fba5cd5feee015ce43abdad3d9f,0.0
8a858fbc594a495c01595fadf4a023e6,0.0
8a858fbc594a495c01596db4320c084a,0.0
8a858fbc5cc666c8015cc67a0d541497,1.0
8a858fbc5cc666c8015cc96695e50338,0.0
8a858fbc5cc666c8015cc9d453ef2af3,0.0
8a858fbc5cc666c8015cc9d4702c2b75,1.0
8a858fbc5cc666c8015ccaa6c8dc2270,1.0
8a858fbd59a760570159a7a6fe900a10,1.0
8a858fbd59acee6a0159adcc397f059a,0.0
8a858fbd5cd6054a015cd6adb37a2735,1.0
8a858fbd5cd6054a015cd8f040ff5129,1.0
8a858fbd5cd6054a015cda2ad0aa086d,0.0
8a858fbd5cd6054a015cdf37c6fb7a22,0.0
8a858fbd5cd6054a015ce4de9d8a4c5a,0.0
8a858fbd5cd6054a015ce61d008912a3,0.0
8a858fbd5cd6054a015ce63fd2ae1580,1.0
8a858fbd5cd6054a015ce82aa3914088,1.0
8a858fbd5cd6054a015ce8fc946d21fb,1.0
8a858fbd5cd6054a015cea089d6d1c15,0.0
8a858fbf5b3a0b46015b3ac9ef325d05,1.0
8a858fbf5b3a0b46015b3af60d0e64b1,1.0
8a858fbf5b3a0b46015b3d155a54623b,1.0
8a858fbf5b3a0b46015b3d56a9a72115,1.0
8a858fc15b68ba6a015b6b094b622d76,1.0
8a858fc15b68ba6a015b6cdb644f7cea,0.0
8a858fc15b68ba6a015b72f1c66205da,1.0
8a858fc15b68ba6a015b7364beb20e51,0.0
8a858fc15b68ba6a015b7765e93d54fa,1.0
8a858fc15b68ba6a015b77dc3edd5df5,1.0
8a858fc15b68ba6a015b7803816a6145,1.0
8a858fc15b68ba6a015b7fa8a4f61664,0.0
8a858fc15cd06c32015cd1ed477b4cb7,1.0
8a858fc15cd06c32015cd4ba6b1d711b,0.0
8a858fc259d7378a0159da1f629a0741,0.0
8a858fc25baeeeff015baf5022dc3611,0.0
8a858fc25bafabdc015bafed7f6021fa,1.0
8a858fc25bafabdc015bb016ef44386e,0.0
8a858fc25bafabdc015bb47fda0323e5,0.0
8a858fc25c172499015c18614b6e3f30,1.0
8a858fc35b347bd4015b348a42791649,1.0
8a858fc35b347bd4015b34bbb0e15271,0.0
8a858fc35b347bd4015b34c1a0db575f,0.0
8a858fc45c21da6f015c24f0838b380f,0.0
8a858fc45c21da6f015c3087c36d6234,1.0
8a858fc45c21da6f015c33c76537691b,1.0
8a858fc45c21da6f015c341888b47c64,1.0
8a858fc45c5f93be015c63842ca27543,0.0
8a858fc55a85c4fc015a88ddb3041731,0.0
8a858fc55b2548dd015b28d40a9876fe,0.0
8a858fc55b2fde30015b300d85e20ef2,1.0
8a858fc55b2fde30015b30c9256b43fd,1.0
8a858fc55b2fde30015b32b1b8a7763c,0.0
8a858fc55b672960015b672de67d0409,0.0
8a858fc55bf27347015bf2759d8c016e,0.0
8a858fc65c7e0e55015c7e18140c0551,0.0
8a858fc65c7e0e55015c7f8126b8672a,1.0
8a858fc65cf978f4015cf98b8cc20d68,0.0
8a858fc65d138f01015d14ba1ceb685b,0.0
8a858fc65d138f01015d1790d9407ce6,0.0
8a858fc75b48cd91015b48db33c01405,1.0
8a858fc75cd62882015cd635fb7f0393,1.0
8a858fc75cd62882015cdb0bcbe41e33,0.0
8a858fc75cd62882015ce0364fc515ca,0.0
8a858fc75cd62882015ce3af160470f5,0.0
8a858fc75cd62882015ce88b866c403f,1.0
8a858fc9580b91da0158126363fb3f16,0.0
8a858fc9580b91da0158173d53626619,1.0
8a858fc959b73f6d0159b8286fbb543b,0.0
8a858fc959bb192f0159bb26fbe70c82,1.0
8a858fc959bc56c80159cafe40c76c01,1.0
8a858fc959cbd1500159cd3bbcf57a04,1.0
8a858fc95ce99dd6015ced741b3773dd,1.0
8a858fca5c35df2c015c35e501f203d3,1.0
8a858fca5c35df2c015c3700113b4c9d,0.0
8a858fca5c35df2c015c39ad8695343e,0.0
8a858fca5c830943015c86ee73095c82,1.0
8a858fcb5b00cc54015b0253ced26a5f,0.0
8a858fcb5bab1fda015bae1de6d35266,1.0
8a858fcb5c11f481015c136958a75b40,0.0
8a858fcb5c11f481015c16739d933978,0.0
8a858fcb5c11f481015c167f5ecc4280,0.0
8a858fcb5c87dd04015c882423cd3abd,0.0
8a858fcb5ca240f7015ca5ca808f4285,1.0
8a858fcb5ca240f7015ca66d5be72ba4,1.0
8a858fcb5d0ed176015d0efab3180966,0.0
8a858fcc59022384015902be7c522747,0.0
8a858fcc5987800e01598784b60a00df,1.0
8a858fcc5ab942ce015ac02f026e2d48,0.0
8a858fcc5ac15618015ac360876c1aae,0.0
8a858fcc5c5f010e015c5f2526d30e4b,0.0
8a858fcc5cf4a563015cf569a33249a9,0.0
8a858fcd56b9f22c0156c18d8e2d280f,1.0
8a858fcd56b9f22c0156c5b280650d11,1.0
8a858fcd5b85c2b1015b85ee2cca208e,1.0
8a858fcd5bd42c30015bd43a8d6c054c,0.0
8a858fcd5bd42c30015bd525a0e34e8e,1.0
8a858fcd5cc5594e015cc57021210c21,0.0
8a858fce5bab3591015bab6202051912,0.0
8a858fce5bf8129c015bfbcdde9467f6,0.0
8a858fce5c360eb7015c37df672c6263,0.0
8a858fce5c360eb7015c39ab64e83dd8,1.0
8a858fcf5591c5cf015596c7018348b8,1.0
8a858fcf5591c5cf015597c298cb15d9,0.0
8a858fcf5b39c3ba015b39c7691603e1,0.0
8a858fcf5b39c3ba015b3c96e4a8646b,1.0
8a858fcf5b39c3ba015b3ce36bad10a2,0.0
8a858fcf5b39c3ba015b3d6d077c4383,1.0
8a858fcf5b39c3ba015b3d91e1f028de,0.0
8a858fcf5b39c3ba015b3d9f215c3922,0.0
8a858fd05b154854015b154996140050,1.0
8a858fd05bf22b18015bf25758ea1c9e,0.0
8a858fd05bfd7d3c015bfe43473d3c9d,0.0
8a858fd05bfd7d3c015c00da25930330,1.0
8a858fd05bfd7d3c015c01a7e0f636db,1.0
8a858fd05bfd7d3c015c01cafeeb3cc1,0.0
8a858fd05bfd7d3c015c0239684a5349,0.0
8a858fd05bfd7d3c015c081e057151ea,1.0
8a858fd05bfd7d3c015c0c8b72ce4682,0.0
8a858fd05bfd7d3c015c0cc8a1a86a92,0.0
8a858fd05bfd7d3c015c0d4d46cc16dc,1.0
8a858fd25a1dc72f015a1dcba1230448,0.0
8a858fd25c5a5bc7015c5cd633965294,0.0
8a858fd25c5a5bc7015c5e0441fb4bfa,0.0
8a858fd3552c75620155313d65204f19,0.0
8a858fd3552c75620155320b88a16398,1.0
8a858fd3552c756201553571d2fe62e3,1.0
8a858fd3552c756201554443ab122d5a,1.0
8a858fd3552c7562015544a1c5f8311e,0.0
8a858fd3552c7562015548e2d7327a53,1.0
8a858fd3552c756201554a0014cb700b,1.0
8a858fd3552c75620155592474741064,0.0
8a858fd35b3ec939015b3ed2d4610f4f,0.0
8a858fd35b441894015b4420f53b0fcb,0.0
8a858fd35b441894015b46ec60a43c58,1.0
8a858fd35b5dfefb015b5e3c893626a2,0.0
8a858fd458639fcc0158691747bc4ecb,1.0
8a858fd45a4260bc015a42ac9e89278d,1.0
8a858fd45a4260bc015a4613981d314c,0.0
8a858fd45a4260bc015a461db91a3615,1.0
8a858fd45a4260bc015a46d547e52e7f,0.0
8a858fd55b8752ba015b895180e74ffe,1.0
8a858fd55c45ba15015c45dcf07c102a,0.0
8a858fd55c45ba15015c4a3dfdee0ecd,0.0
8a858fd75bb62bbe015bc8ac68616fb2,0.0
8a858fd75bc96a6f015bcab7caf06c3f,0.0
8a858fd75cac5e18015cb07b3ed40e81,1.0
8a858fd85507735701551173e8c225b2,0.0
8a858fd858d5076d0158e2dd9ded2afa,1.0
8a858fd858e2f19a0158f2bf8b501085,1.0
8a858fd858e2f19a0158f507104665f2,0.0
8a858fd858e2f19a0158f97e191916b7,1.0
8a858fd85b685607015b6cf937f232be,1.0
8a858fd85b685607015b6dfb15ef56c2,0.0
8a858fd85b685607015b75cbf15c73c2,0.0
8a858fd85b685607015b782ab1432e4a,0.0
8a858fd85b685607015b7c676ce10c40,0.0
8a858fd85b685607015b7d3304aa2ff4,0.0
8a858fd95b58cd70015b58e4ae861097,0.0
8a858fd95c3b5bca015c3bd6c30d2102,1.0
8a858fd95c3b5bca015c3c09f9e82bd5,0.0
8a858fd95c3b5bca015c4097e9ef79b1,0.0
8a858fd95c878bfe015c87c21233283a,0.0
8a858fda56562f8f01566548972d1c9c,0.0
8a858fda5c1bd1f7015c1be7f7450f37,1.0
8a858fda5c3b0f1c015c403b1f5c301c,1.0
8a858fdb58c2d2120158c76cf8d52e51,0.0
8a858fdc57ab280a0157add33ef337c4,1.0
8a858fdc57ab280a0157b277e9ff6d53,0.0
8a858fdc5b583a67015b583f3b8a0552,1.0
8a858fdc5c118fd3015c11a211e108b7,0.0
8a858fdd54d4dd160154dd94b0107719,0.0
8a858fdd54d4dd160154e1edcb6d7596,0.0
8a858fdd5800dc77015807ca70d501e3,0.0
8a858fdd5d1844e1015d1858743b13c7,0.0
8a858fde56eb02280156eb6dafc128ac,0.0
8a858fde56eb02280156efa2889b0326,0.0
8a858fde56eb02280156f59b976d46c0,1.0
8a858fde56eb02280156f97f777e7683,0.0
8a858fde56eb02280156fb85a2521990,1.0
8a858fde580afd48015818eda53830c8,0.0
8a858fdf5bf85f71015bf89b51181584,0.0
8a858fdf5bf85f71015bf90560683095,1.0
8a858fe05784e62901578684e3720c00,1.0
8a858fe05cac0c84015cac4f5c9a28b2,0.0
8a858fe25b8c4e5c015b9017d04846e1,0.0
8a858fe35b8ba108015b8ba23e8e0143,0.0
8a858fe35cd0edad015cd3df1c295c30,1.0
8a858fe45a760203015a79d74d461d88,1.0
8a858fe45a760203015a7f3dd68d6282,0.0
8a858fe45a8360a7015a837d5be20d9b,1.0
8a858fe45cd62cbf015cdfb7b59f05f4,0.0
8a858fe45cd62cbf015ce8a5a46a57a7,1.0
8a858fe55656a93801565764e5ec1430,0.0
8a858fe55656a93801565ad4976f225f,0.0
8a858fe55656a93801565e0c6d4575d6,1.0
8a858fe5569398920156986fc0337f88,0.0
8a858fe556939892015698f67b7f376a,0.0
8a858fe5569398920156adf52d137f11,0.0
8a858fe5569398920156b644671b0f2a,1.0
8a858fe5569398920156b6f29b764ab6,0.0
8a858fe55b013a0b015b041bc1fb418b,1.0
8a858fe55b013a0b015b066bda6811b0,0.0
8a858fe55b013a0b015b0b5996ce4111,0.0
8a858fe65675195a0156766ebdb042c8,0.0
8a858fe756939bbb015695c2144d6077,0.0
8a858fe756939bbb0156afd209d97f15,1.0
8a858fe756939bbb0156b1159291111a,1.0
8a858fe756939bbb0156b42e72185f25,0.0
8a858fe758dc437a0159018589dc5df0,0.0
8a858fe75be82695015be82d3612075f,0.0
8a858fe8555f401f01555f4577350080,0.0
8a858fe8555f401f01556122503615c1,0.0
8a858fe8555f401f015567a0cca24f03,1.0
8a858fe8555f401f01556dbd487e78d5,0.0
8a858fe8555f401f015572a171e745ed,0.0
8a858fe954ccb8d90154d46ece7f4034,1.0
8a858fe95c88ee44015c8b93b7164cd4,0.0
8a858fe95c88ee44015c8c4043291900,0.0
8a858fea5751aefe015752a1053b569f,1.0
8a858fea5b391cd7015b3933a65d2017,0.0
8a858fea5b8c314d015b8d032aaf7347,0.0
8a858fea5b8c314d015b8fc90f951661,0.0
8a858feb55f969560155ff2575dc44f4,0.0
8a858feb58c565cf0158d11c49895721,0.0
8a858feb5bfcf5e3015bfd3379fc27e0,1.0
8a858fec5b5c994b015b5cba37c61d51,1.0
8a858fec5bd3dede015bd4099d5f1c53,1.0
8a858fed5a28bf0e015a2a1969814dc1,0.0
8a858fed5a36fe62015a37705cbb3aaf,0.0
8a858fee5863a049015867c0ab2c3bc0,0.0
8a858fee5863a04901586977ceb769d2,1.0
8a858fee5863a04901586b94f5ef2105,0.0
8a858fee5863a04901586c7547896071,0.0
8a858fee5863a04901586cb3f8b5798a,1.0
8a858fee58d73f5f0158e3e9c6176212,0.0
8a858fee58f7c77e01590774b0054bba,0.0
8a858fee5aaeb536015ab028da65651f,0.0
8a858fee5c795f65015c79b29a141935,1.0
8a858fee5c795f65015c7c0400af693c,1.0
8a858fef570f30e501571fd446d44c81,0.0
8a858fef570f30e5015720679ff55c37,1.0
8a858fef570f30e5015721e4b5126686,1.0
8a858fef570f30e50157285c1179057b,0.0
8a858fef570f30e501572ab53a6f4acb,1.0
8a858fef5cd5636a015cd5a5659e2656,1.0
8a858ff05b1ac77f015b1ac8027f0073,1.0
8a858ff05b1ac77f015b1b0ea58735c2,1.0
8a858ff05d128e7c015d12a0962e0c8d,1.0
8a858ff159ad042e0159ad17b9f60a89,1.0
8a858ff15a8fa5b0015a9324780b35fd,0.0
8a858ff15b5d3f84015b5d6327223863,1.0
8a858ff257048b50015709ffa148518e,0.0
8a858ff257048b5001570c67315b660b,0.0
8a858ff259d1429e0159d1a4117e23bd,1.0
8a858ff25a13ebf6015a150199c5042d,1.0
8a858ff25c88461c015c885b45fb0b28,1.0
8a858ff25c88461c015c88c3646d40ea,0.0
8a858ff35acdd593015acddc6c7203de,0.0
8a858ff35c1ada43015c1ae99d830a0b,1.0
8a858ff35c63d750015c63dbb45e027c,1.0
8a858ff35c63d750015c63e977c50cf6,0.0
8a858ff35c63d750015c65a730ac2e7c,1.0
8a858ff35c63d750015c6939de7f2388,0.0
8a858ff455a09f5a0155b73fe8244da7,1.0
8a858ff459faa35f0159fb304ea230e6,0.0
8a858ff45be92ea2015be968b94e1872,0.0
8a858ff45be92ea2015be98bc2162c96,1.0
8a858ff45be92ea2015be98c51742d1f,1.0
8a858ff45be92ea2015be9cb6e5b3a89,0.0
8a858ff45ca0ec96015ca173a34046a4,0.0
8a858ff554d9de480154ddfe4f3773fb,1.0
8a858ff554e290e10154f162ddb81445,0.0
8a858ff554e290e10154f6ff4a302f7e,0.0
8a858ff554e290e10154fe4e6b3f648c,1.0
8a858ff554e290e10155065b5ba54cce,1.0
8a858ff55b5d377b015b5d3ab51105e5,0.0
8a858ff8582fcb8601583e9ee74e1732,1.0
8a858ff8582fcb8601583ef69ee437b2,0.0
8a858ff85bd93919015be207811e0c52,0.0
8a858ff85bd93919015be24c4f851772,0.0
8a858ff85bd93919015be339c7e73cdd,0.0
8a858ff9580b881201581e41fa95467b,1.0
8a858ffa55ca72a50155d49947914143,1.0
8a858ffa55ca72a50155d8966d3b75eb,0.0
8a858ffa55ca72a50155d9a6e8a257c4,1.0
8a858ffa55ca72a50155de6808cd2f3f,1.0
8a858ffa5adb9abd015adbe07c2c2e52,1.0
8a858ffb5b350b52015b376f8d7f10ba,1.0
8a858ffb5d1832fd015d184b6ad80f09,1.0
8a858ffb5d3cbcfc015d3d499c1838a2,0.0
8a858ffc5baffa85015bb07af6973748,1.0
8a858ffd5b391849015b391d7c0e0810,0.0
8a858ffd5b391849015b392ab12c145c,1.0
8a858ffd5c8d343d015c8dbf49dc49d5,1.0
8a858ffd5c8d343d015c8f02ce3004ad,0.0
8a858ffd5c8d343d015c979e2c33038e,0.0
8a858ffd5c8d343d015c97e4929d0f31,0.0
8a858ffd5c8d343d015c9cab96843756,0.0
8a858ffd5caca417015cacdb354a2364,1.0
8a858ffd5caca417015cad45b31249a2,1.0
8a858ffd5caca417015cb006d7aa3382,0.0
8a858ffe5ab2b16a015ab3180c915303,1.0
8a858ffe5c11b69c015c11cd083f0bf2,0.0
8a858ffe5c44d5b6015c450d4ba52a5c,0.0
8a858fff5a28d297015a2db9e78d1744,1.0
8a858fff5a28d297015a32c55dee456d,0.0
8a858fff5a36fe68015a3733e2131686,1.0
8a858fff5a36fe68015a3744f0021e89,1.0
8a858fff5a36fe68015a3ac5851618ab,0.0
8aaae7a74400b28201441c8b62514150,0.0
8aab10f748cf78ff0148d11fac1447a6,0.0
8aab160f499477da014999ba2f0f578b,1.0
8addcb0645aff34b0145b25fe1616ee0,0.0
